360,busybox,2
360,ipset,1
360,igmpproxy,1
360,mtd-utils,1
360,util-linux,1
360,openssl,1
360,dnsmasq,1
360,tcpdump,1
360,ntfs-3g,1
360,radvd,1
asus,busybox,1
asus,ethtool,1
asus,wpa_supplicant,3
asus,avahi,1
asus,bridge-utils,1
asus,mtd-utils,1
asus,openssl,1
asus,wget,1
asus,ookla,2
asus,dnsmasq,2
asus,iw,1
asus,mkfatfs,1
asus,linux-ntfs,3
asus,curl,2
buffalo,openssl,1
buffalo,dnsmasq,1
buffalo,ppp,1
dlink,busybox,7
dlink,iptables,3
dlink,openssl,2
dlink,wpa_supplicant,4
dlink,dnrd,1
dlink,gdb,2
dlink,strace,1
foscam,busybox,1
netgear,avahi,2
netgear,bridge-utils,4
netgear,busybox,18
netgear,curl,9
netgear,mtools,1
netgear,openssl,3
netgear,pppoe,1
netgear,tcpdump,5
netgear,wget,3
netgear,dnsmasq,10
netgear,poptop,3
netgear,radvd,7
netgear,bftpd,1
netgear,iptables,7
netgear,ipset,3
netgear,sysstat,5
netgear,ookla,5
netgear,netatalk,2
netgear,util-linux,1
netgear,ez-ipupdate,1
netgear,iperf,2
netgear,tar,1
netgear,e2fsprogs,3
netgear,ethtool,2
netgear,iw,1
netgear,wpa_supplicant,7
netgear,udhcp,1
netgear,php,1
netgear,lighttpd,2
netgear,dropbear,1
netgear,mailsend,1
netgear,mtd-utils,2
netgear,gdb,2
netgear,socat,1
netgear,ntfs-3g,5
netgear,sed,1
netgear,conntrack,1
netgear,mini_httpd,1
netgear,ppp,1
netgear,xtmctl,2
netgear,p910nd,1
netgear,proftpd,1
netgear,libfuse,1
qnap,curl,1
qnap,dropbear,1
qnap,openssl,1
supermicro,gdb,1
supermicro,busybox,3
supermicro,mtd-utils,1
supermicro,openssl,1
supermicro,curl,1
synology,busybox,1
synology,ntfs-3g,3
synology,ntp,1
tenda,busybox,7
tenda,bridge-utils,2
tenda,dnsmasq,4
tenda,iptables,5
tenda,ntfs-3g,3
tenda,openssl,2
tenda,p910nd,1
tenda,igmpproxy,1
tenda,radvd,2
tenda,alinkgw,1
tenda,conntrack,1
tenda,i2c-tools,1
tenda,tcpdump,2
tenda,wget,1
tenda,mtd-utils,3
tenda,wpa_supplicant,2
tenda,iw,1
tomato-shibby,busybox,6
tomato-shibby,dnsmasq,10
tomato-shibby,iptables,1
tomato-shibby,poptop,2
tomato-shibby,bridge-utils,1
tomato-shibby,ipset,1
tomato-shibby,dnscrypt-proxy,3
tomato-shibby,hostip,3
tomato-shibby,openssl,1
tomato-shibby,p910nd,1
tomato-shibby,transmission,3
tomato-shibby,tor,1
tomato-shibby,radvd,1
tomato-shibby,tcpdump,1
tomato-shibby,curl,1
tomato-shibby,iperf,1
tp-link,busybox,10
tp-link,sysstat,3
tp-link,openssl,2
tp-link,strace,3
tp-link,curl,5
tp-link,mtd-utils,5
tp-link,tcpdump,4
tp-link,wpa_supplicant,6
tp-link,bridge-utils,2
tp-link,dnsmasq,4
tp-link,dropbear,6
tp-link,ndp proxy,1
tp-link,radvd,5
tp-link,poptop,2
tp-link,ppp,1
tp-link,ethtool,3
tp-link,iw,3
tp-link,util-linux,2
tp-link,nginx,2
tp-link,samba,2
tp-link,ntfs-3g,3
tp-link,xtmctl,1
tp-link,ookla,1
tp-link,ipset,2
tp-link,pppoe,2
tp-link,i2c-tools,1
tp-link,iptables,2
tp-link,memtester,1
trendnet,iptables,12
trendnet,pppoe,3
trendnet,busybox,21
trendnet,bridge-utils,3
trendnet,ppp,1
trendnet,uvm,1
trendnet,dnrd,1
trendnet,poptop,5
trendnet,mtd-utils,1
trendnet,openssl,2
trendnet,ez-ipupdate,1
trendnet,lighttpd,5
trendnet,samba,3
trendnet,dropbear,4
trendnet,updatedd,2
trendnet,tcpdump,2
trendnet,inadyn,1
trendnet,wpa_supplicant,4
trendnet,udhcp,2
trendnet,arp,1
trendnet,dnsmasq,8
trendnet,radvd,5
trendnet,ethtool,2
trendnet,ntfs-3g,4
trendnet,opkg,1
trendnet,strace,1
trendnet,avahi,1
trendnet,sysstat,1
trendnet,transmission,1
trendnet,ipset,1
trendnet,util-linux,1
trendnet,mailsend,1
trendnet,net-snmp,2
ubiquiti,busybox,8
ubiquiti,curl,10
ubiquiti,dnsmasq,4
ubiquiti,dropbear,3
ubiquiti,ethtool,3
ubiquiti,iperf,2
ubiquiti,iw,4
ubiquiti,lighttpd,6
ubiquiti,memtester,1
ubiquiti,stress,1
ubiquiti,tcpdump,3
ubiquiti,wpa_supplicant,6
ubiquiti,i2c-tools,2
ubiquiti,util-linux,4
ubiquiti,bluemoon,3
ubiquiti,ppp,1
ubiquiti,opkg,1
ubiquiti,openssl,2
ubiquiti,net-snmp,1
ubiquiti,lldp,4
ubiquiti,mtd-utils,1
ubiquiti,lbd,1
ubiquiti,tar,1
ubiquiti,iptables,1
ubiquiti,bridge-utils,1
ubiquiti,sysstat,2
