360,13
360,20
360,17
360,20
360,9
360,14
360,20
360,42
360,12
360,19
360,19
360,13
360,26
360,19
360,19
360,13
360,21
360,9
360,18
asus,30
asus,30
asus,70
asus,71
asus,64
asus,36
asus,64
asus,14
asus,62
asus,36
asus,36
asus,62
asus,8
asus,8
asus,13
asus,14
asus,14
asus,62
asus,13
asus,61
asus,12
asus,58
asus,58
asus,59
asus,67
asus,12
asus,12
asus,12
asus,57
asus,4
asus,57
asus,63
asus,57
asus,63
asus,63
asus,63
asus,63
asus,61
asus,57
asus,57
asus,63
asus,61
asus,61
asus,57
asus,57
asus,55
asus,57
asus,61
asus,67
asus,55
asus,61
asus,55
asus,67
asus,67
asus,54
asus,54
asus,54
asus,68
asus,67
asus,54
asus,62
buffalo,20
buffalo,20
buffalo,16
buffalo,25
dlink,31
dlink,31
dlink,30
dlink,15
dlink,18
dlink,19
dlink,19
dlink,19
dlink,19
dlink,19
dlink,13
dlink,1
dlink,1
dlink,13
dlink,1
dlink,1
dlink,1
dlink,1
dlink,1
dlink,1
dlink,1
dlink,1
dlink,1
dlink,1
dlink,1
dlink,1
dlink,1
dlink,1
dlink,13
dlink,1
dlink,1
dlink,1
dlink,1
dlink,1
dlink,1
dlink,29
dlink,29
dlink,37
dlink,12
dlink,12
dlink,10
dlink,10
dlink,10
dlink,25
dlink,25
dlink,25
dlink,25
dlink,25
dlink,25
dlink,25
dlink,25
dlink,25
dlink,25
dlink,25
dlink,25
dlink,25
dlink,25
dlink,25
dlink,25
dlink,25
dlink,25
dlink,25
dlink,25
dlink,25
dlink,25
dlink,25
dlink,2
dlink,16
dlink,16
dlink,15
dlink,15
dlink,16
dlink,17
dlink,17
dlink,16
dlink,16
dlink,17
dlink,15
dlink,17
dlink,17
dlink,16
dlink,17
dlink,16
dlink,15
dlink,17
dlink,16
dlink,17
dlink,16
dlink,15
dlink,17
dlink,17
dlink,16
dlink,3
dlink,17
dlink,16
dlink,17
dlink,1
dlink,1
dlink,1
dlink,1
dlink,1
dlink,1
dlink,1
dlink,1
dlink,1
dlink,1
dlink,1
dlink,3
dlink,3
dlink,13
dlink,14
dlink,14
dlink,14
dlink,14
dlink,3
dlink,15
dlink,1
dlink,1
dlink,14
dlink,14
dlink,1
dlink,1
dlink,3
dlink,3
dlink,1
dlink,1
dlink,1
dlink,1
dlink,1
dlink,20
dlink,20
dlink,22
dlink,20
dlink,31
dlink,30
dlink,16
dlink,19
dlink,19
dlink,21
dlink,20
dlink,21
dlink,19
dlink,22
dlink,21
dlink,21
dlink,19
dlink,20
dlink,0
dlink,0
dlink,10
dlink,21
dlink,21
dlink,14
dlink,14
dlink,20
dlink,20
foscam,3
foscam,3
foscam,6
foscam,4
linksys,20
linksys,11
linksys,19
linksys,37
linksys,43
linksys,6
linksys,43
linksys,5
linksys,6
linksys,46
linksys,46
linksys,46
linksys,38
linksys,38
linksys,38
linksys,42
linksys,39
linksys,45
linksys,30
linksys,43
mercury,12
mikrotik,9
mikrotik,9
mikrotik,9
mikrotik,9
mikrotik,9
mikrotik,9
mikrotik,9
mikrotik,9
mikrotik,9
mikrotik,9
mikrotik,0
mikrotik,0
mikrotik,0
mikrotik,0
mikrotik,11
mikrotik,11
mikrotik,0
mikrotik,8
mikrotik,0
mikrotik,8
mikrotik,8
mikrotik,0
mikrotik,8
mikrotik,8
mikrotik,8
mikrotik,0
mikrotik,0
mikrotik,0
mikrotik,0
mikrotik,0
mikrotik,0
mikrotik,8
mikrotik,8
mikrotik,8
mikrotik,8
mikrotik,8
mikrotik,8
mikrotik,8
mikrotik,8
mikrotik,0
mikrotik,0
mikrotik,0
mikrotik,0
mikrotik,0
mikrotik,0
mikrotik,0
mikrotik,0
mikrotik,0
mikrotik,0
mikrotik,0
mikrotik,0
mikrotik,10
mikrotik,10
mikrotik,10
mikrotik,8
netgear,32
netgear,28
netgear,37
netgear,63
netgear,40
netgear,3
netgear,40
netgear,17
netgear,52
netgear,20
netgear,0
netgear,23
netgear,20
netgear,10
netgear,4
netgear,2
netgear,4
netgear,1
netgear,2
netgear,4
netgear,1
netgear,8
netgear,8
netgear,4
netgear,9
netgear,6
netgear,4
netgear,4
netgear,7
netgear,3
netgear,1
netgear,4
netgear,10
netgear,4
netgear,7
netgear,19
netgear,22
netgear,20
netgear,20
netgear,25
netgear,36
netgear,51
netgear,29
netgear,2
netgear,2
netgear,3
netgear,11
netgear,10
netgear,10
netgear,10
netgear,23
netgear,10
netgear,14
netgear,31
netgear,26
netgear,30
netgear,20
netgear,28
netgear,16
netgear,17
netgear,16
netgear,16
netgear,15
netgear,15
netgear,3
netgear,17
netgear,31
netgear,26
netgear,35
netgear,34
netgear,6
netgear,5
netgear,8
netgear,5
netgear,9
netgear,5
netgear,9
netgear,12
netgear,8
netgear,18
netgear,11
netgear,19
netgear,14
netgear,20
netgear,18
netgear,9
netgear,10
netgear,4
netgear,11
netgear,17
netgear,16
netgear,16
netgear,14
netgear,17
netgear,18
netgear,22
netgear,18
netgear,20
netgear,18
netgear,18
netgear,26
netgear,17
netgear,17
netgear,17
netgear,16
netgear,15
netgear,17
netgear,17
netgear,6
netgear,3
netgear,2
netgear,3
netgear,31
netgear,37
netgear,13
netgear,5
netgear,1
netgear,37
netgear,28
netgear,3
netgear,1
netgear,2
netgear,2
netgear,17
netgear,22
netgear,27
netgear,22
netgear,26
netgear,26
netgear,1
netgear,35
netgear,29
netgear,24
netgear,36
netgear,45
netgear,45
netgear,31
netgear,22
netgear,29
netgear,37
netgear,37
netgear,37
netgear,56
netgear,50
netgear,46
netgear,46
netgear,38
netgear,46
netgear,37
netgear,37
netgear,67
netgear,53
qnap,11
qnap,26
qnap,26
qnap,26
qnap,19
qnap,21
qnap,18
supermicro,9
supermicro,19
supermicro,18
supermicro,19
supermicro,3
supermicro,8
supermicro,7
supermicro,18
supermicro,17
supermicro,18
supermicro,17
supermicro,19
supermicro,17
supermicro,10
supermicro,19
supermicro,17
supermicro,18
supermicro,18
supermicro,17
supermicro,9
supermicro,19
supermicro,19
supermicro,6
supermicro,19
supermicro,18
supermicro,18
supermicro,18
supermicro,17
supermicro,18
supermicro,17
supermicro,17
supermicro,17
supermicro,9
supermicro,9
supermicro,18
supermicro,9
supermicro,9
supermicro,19
supermicro,18
supermicro,18
supermicro,19
supermicro,18
supermicro,17
supermicro,19
supermicro,9
supermicro,8
supermicro,6
supermicro,17
supermicro,9
supermicro,9
supermicro,9
supermicro,8
supermicro,8
supermicro,7
supermicro,8
supermicro,8
supermicro,17
supermicro,16
supermicro,7
supermicro,18
supermicro,8
supermicro,8
supermicro,4
supermicro,9
supermicro,8
supermicro,9
supermicro,9
supermicro,6
supermicro,6
supermicro,6
supermicro,9
supermicro,9
supermicro,9
supermicro,9
supermicro,8
supermicro,9
supermicro,4
supermicro,0
supermicro,7
supermicro,9
supermicro,8
supermicro,6
supermicro,6
supermicro,6
supermicro,0
supermicro,6
supermicro,2
supermicro,8
supermicro,8
supermicro,2
supermicro,6
supermicro,6
supermicro,6
supermicro,6
supermicro,6
supermicro,6
supermicro,8
supermicro,6
supermicro,6
supermicro,6
supermicro,2
supermicro,6
supermicro,2
supermicro,2
supermicro,2
synology,0
synology,7
synology,7
synology,7
synology,7
synology,7
synology,7
synology,7
synology,7
synology,7
synology,7
synology,7
synology,7
synology,7
synology,4
synology,5
synology,35
synology,35
synology,35
synology,7
synology,5
synology,8
synology,8
synology,8
synology,7
synology,7
synology,7
synology,7
synology,7
synology,7
synology,7
synology,7
synology,7
synology,7
synology,7
synology,0
synology,7
synology,7
synology,7
synology,7
synology,35
synology,7
synology,7
synology,7
synology,7
synology,7
synology,7
tenda,9
tenda,22
tenda,2
tenda,19
tenda,19
tenda,2
tenda,2
tenda,27
tenda,2
tenda,20
tenda,19
tenda,19
tenda,23
tenda,19
tenda,19
tenda,19
tenda,2
tenda,19
tenda,19
tenda,15
tenda,6
tenda,15
tenda,10
tenda,6
tenda,20
tenda,15
tenda,9
tenda,30
tenda,23
tenda,14
tenda,14
tenda,15
tenda,20
tenda,12
tenda,10
tenda,12
tenda,18
tenda,27
tenda,12
tenda,30
tenda,12
tenda,20
tenda,27
tenda,12
tenda,6
tenda,6
tenda,12
tenda,20
tenda,21
tenda,15
tenda,15
tenda,23
tenda,9
tenda,9
tenda,21
tenda,9
tenda,15
tenda,9
tenda,12
tenda,8
tenda,12
tenda,11
tenda,12
tenda,12
tenda,18
tenda,9
tenda,25
tenda,15
tenda,9
tenda,0
tenda,9
tenda,9
tenda,12
tenda,9
tenda,8
tenda,12
tenda,18
tenda,22
tenda,22
tenda,18
tenda,15
tenda,25
tenda,18
tenda,10
tenda,25
tenda,15
tenda,11
tenda,24
tenda,16
tenda,24
tenda,30
tenda,25
tenda,20
tenda,30
tenda,10
tenda,23
tenda,21
tenda,20
tenda,20
tenda,9
tenda,20
tenda,19
tenda,18
tenda,14
tenda,10
tenda,14
tenda,18
tenda,14
tenda,10
tenda,16
tenda,18
tenda,20
tenda,18
tenda,23
tenda,14
tenda,10
tenda,10
tenda,21
tenda,21
tenda,21
tenda,21
tenda,23
tenda,23
tenda,10
tenda,23
tenda,22
tenda,15
tenda,22
tenda,25
tenda,1
tenda,1
tenda,1
tenda,45
tenda,1
tenda,7
tenda,7
tenda,1
tenda,1
tenda,25
tenda,1
tenda,2
tenda,2
tenda,45
tenda,2
tenda,2
tenda,2
tenda,2
tenda,2
tomato-shibby,16
tomato-shibby,16
tomato-shibby,11
tomato-shibby,17
tomato-shibby,19
tomato-shibby,16
tomato-shibby,16
tomato-shibby,25
tomato-shibby,16
tomato-shibby,16
tomato-shibby,22
tomato-shibby,22
tomato-shibby,23
tomato-shibby,23
tomato-shibby,19
tomato-shibby,17
tomato-shibby,25
tomato-shibby,22
tomato-shibby,23
tomato-shibby,23
tomato-shibby,22
tomato-shibby,20
tomato-shibby,25
tomato-shibby,18
tomato-shibby,22
tomato-shibby,22
tomato-shibby,24
tomato-shibby,24
tomato-shibby,18
tomato-shibby,25
tomato-shibby,14
tomato-shibby,28
tomato-shibby,26
tomato-shibby,25
tomato-shibby,26
tomato-shibby,14
tomato-shibby,25
tomato-shibby,26
tomato-shibby,14
tomato-shibby,14
tomato-shibby,14
tomato-shibby,18
tomato-shibby,14
tomato-shibby,16
tomato-shibby,25
tomato-shibby,18
tomato-shibby,14
tomato-shibby,14
tomato-shibby,25
tomato-shibby,16
tomato-shibby,28
tomato-shibby,26
tomato-shibby,25
tomato-shibby,26
tomato-shibby,30
tomato-shibby,25
tomato-shibby,26
tomato-shibby,36
tomato-shibby,28
tomato-shibby,25
tomato-shibby,26
tomato-shibby,26
tomato-shibby,25
tomato-shibby,30
tomato-shibby,18
tomato-shibby,26
tomato-shibby,36
tomato-shibby,25
tomato-shibby,28
tomato-shibby,25
tomato-shibby,26
tomato-shibby,26
tomato-shibby,25
tomato-shibby,26
tomato-shibby,14
tomato-shibby,18
tomato-shibby,14
tomato-shibby,16
tomato-shibby,25
tomato-shibby,18
tomato-shibby,14
tomato-shibby,14
tomato-shibby,16
tomato-shibby,25
tomato-shibby,28
tomato-shibby,25
tomato-shibby,26
tomato-shibby,26
tomato-shibby,25
tomato-shibby,30
tomato-shibby,26
tomato-shibby,35
tomato-shibby,25
tomato-shibby,28
tomato-shibby,26
tomato-shibby,23
tomato-shibby,26
tomato-shibby,25
tomato-shibby,30
tomato-shibby,35
tomato-shibby,18
tomato-shibby,26
tomato-shibby,28
tomato-shibby,25
tomato-shibby,26
tomato-shibby,25
tomato-shibby,26
tomato-shibby,26
tomato-shibby,25
tomato-shibby,18
tomato-shibby,14
tomato-shibby,14
tomato-shibby,16
tomato-shibby,25
tomato-shibby,18
tomato-shibby,14
tomato-shibby,14
tomato-shibby,16
tomato-shibby,25
tomato-shibby,4
tomato-shibby,32
tomato-shibby,25
tomato-shibby,26
tomato-shibby,26
tomato-shibby,25
tomato-shibby,26
tomato-shibby,30
tomato-shibby,28
tomato-shibby,26
tomato-shibby,25
tomato-shibby,32
tomato-shibby,26
tomato-shibby,25
tomato-shibby,30
tomato-shibby,26
tomato-shibby,23
tomato-shibby,23
tomato-shibby,27
tomato-shibby,23
tomato-shibby,23
tomato-shibby,30
tomato-shibby,34
tomato-shibby,30
tomato-shibby,23
tomato-shibby,30
tomato-shibby,23
tomato-shibby,23
tomato-shibby,30
tomato-shibby,30
tomato-shibby,23
tomato-shibby,16
tomato-shibby,30
tomato-shibby,55
tomato-shibby,23
tomato-shibby,30
tomato-shibby,34
tomato-shibby,23
tomato-shibby,30
tomato-shibby,23
tomato-shibby,40
tomato-shibby,30
tomato-shibby,25
tomato-shibby,25
tomato-shibby,30
tomato-shibby,25
tomato-shibby,35
tomato-shibby,35
tomato-shibby,25
tomato-shibby,34
tomato-shibby,34
tomato-shibby,26
tomato-shibby,35
tomato-shibby,32
tomato-shibby,26
tomato-shibby,31
tomato-shibby,25
tomato-shibby,14
tomato-shibby,14
tomato-shibby,14
tomato-shibby,31
tomato-shibby,14
tomato-shibby,24
tomato-shibby,22
tomato-shibby,24
tomato-shibby,14
tomato-shibby,24
tomato-shibby,14
tomato-shibby,14
tomato-shibby,26
tomato-shibby,32
tomato-shibby,25
tomato-shibby,25
tomato-shibby,26
tomato-shibby,30
tomato-shibby,32
tomato-shibby,25
tomato-shibby,25
tomato-shibby,26
tomato-shibby,32
tomato-shibby,24
tomato-shibby,26
tomato-shibby,25
tomato-shibby,30
tomato-shibby,26
tomato-shibby,25
tomato-shibby,25
tomato-shibby,28
tomato-shibby,32
tomato-shibby,25
tomato-shibby,26
tomato-shibby,25
tomato-shibby,26
tomato-shibby,30
tomato-shibby,32
tomato-shibby,14
tomato-shibby,14
tomato-shibby,14
tomato-shibby,26
tomato-shibby,25
tomato-shibby,26
tomato-shibby,25
tomato-shibby,35
tomato-shibby,25
tomato-shibby,26
tomato-shibby,30
tomato-shibby,25
tomato-shibby,26
tomato-shibby,35
tomato-shibby,25
tomato-shibby,25
tomato-shibby,30
tomato-shibby,25
tomato-shibby,25
tomato-shibby,26
tomato-shibby,26
tomato-shibby,35
tomato-shibby,35
tomato-shibby,18
tomato-shibby,14
tomato-shibby,25
tomato-shibby,16
tomato-shibby,25
tomato-shibby,28
tomato-shibby,25
tomato-shibby,25
tomato-shibby,26
tomato-shibby,35
tomato-shibby,25
tomato-shibby,26
tomato-shibby,30
tomato-shibby,13
tomato-shibby,26
tomato-shibby,13
tomato-shibby,13
tomato-shibby,13
tomato-shibby,26
tomato-shibby,13
tomato-shibby,13
tomato-shibby,35
tomato-shibby,25
tomato-shibby,25
tomato-shibby,36
tomato-shibby,25
tomato-shibby,26
tomato-shibby,25
tomato-shibby,30
tomato-shibby,25
tomato-shibby,26
tomato-shibby,36
tomato-shibby,25
tomato-shibby,30
tomato-shibby,30
tomato-shibby,26
tomato-shibby,25
tomato-shibby,30
tomato-shibby,25
tomato-shibby,14
tomato-shibby,36
tomato-shibby,25
tomato-shibby,14
tomato-shibby,25
tomato-shibby,14
tomato-shibby,14
tomato-shibby,18
tomato-shibby,14
tomato-shibby,14
tomato-shibby,16
tomato-shibby,25
tomato-shibby,28
tomato-shibby,25
tomato-shibby,25
tomato-shibby,26
tomato-shibby,30
tomato-shibby,25
tomato-shibby,26
tomato-shibby,36
tomato-shibby,26
tomato-shibby,16
tomato-shibby,16
tomato-shibby,16
tomato-shibby,16
tomato-shibby,16
tomato-shibby,17
tomato-shibby,16
tomato-shibby,16
tomato-shibby,16
tomato-shibby,16
tomato-shibby,16
tomato-shibby,17
tomato-shibby,16
tomato-shibby,36
tomato-shibby,16
tomato-shibby,16
TPLink,33
TPLink,33
TPLink,33
TPLink,36
TPLink,36
TPLink,13
TPLink,36
TPLink,36
TPLink,36
TPLink,36
TPLink,39
TPLink,22
TPLink,29
TPLink,22
TPLink,22
TPLink,29
TPLink,36
TPLink,36
TPLink,36
TPLink,26
TPLink,26
TPLink,36
TPLink,36
TPLink,35
TPLink,26
TPLink,36
TPLink,36
TPLink,36
TPLink,36
TPLink,36
TPLink,36
TPLink,36
TPLink,17
TPLink,6
TPLink,36
TPLink,6
TPLink,0
TPLink,36
TPLink,17
TPLink,17
TPLink,0
TPLink,6
TPLink,0
TPLink,18
TPLink,18
TPLink,18
TPLink,18
TPLink,18
TPLink,15
TPLink,25
TPLink,21
TPLink,21
TPLink,23
TPLink,31
TPLink,31
TPLink,31
TPLink,25
TPLink,20
TPLink,26
TPLink,24
TPLink,23
TPLink,23
TPLink,13
TPLink,13
TPLink,13
TPLink,13
TPLink,32
TPLink,33
TPLink,33
TPLink,16
TPLink,16
TPLink,15
TPLink,16
TPLink,16
TPLink,16
TPLink,16
TPLink,16
TPLink,16
TPLink,17
TPLink,16
TPLink,16
TPLink,16
TPLink,16
TPLink,16
TPLink,15
TPLink,15
TPLink,15
TPLink,15
TPLink,15
TPLink,15
TPLink,15
TPLink,15
TPLink,15
TPLink,15
TPLink,15
TPLink,15
TPLink,15
TPLink,15
TPLink,13
TPLink,13
TPLink,13
TPLink,13
TPLink,15
TPLink,15
TPLink,15
TPLink,15
TPLink,15
TPLink,15
TPLink,12
TPLink,12
TPLink,14
TPLink,14
TPLink,14
TPLink,13
TPLink,15
TPLink,15
TPLink,15
TPLink,15
TPLink,15
TPLink,15
TPLink,15
TPLink,12
TPLink,12
TPLink,15
TPLink,15
TPLink,15
TPLink,15
TPLink,15
TPLink,15
TPLink,15
TPLink,15
TPLink,18
TPLink,18
TPLink,9
TPLink,9
TPLink,9
TPLink,9
TPLink,8
TPLink,14
TPLink,9
TPLink,9
TPLink,9
TPLink,8
TPLink,8
TPLink,19
TPLink,19
TPLink,19
TPLink,18
TPLink,18
TPLink,18
TPLink,19
TPLink,19
TPLink,42
TPLink,0
TPLink,36
TPLink,42
TPLink,18
TPLink,19
TPLink,18
TPLink,10
TPLink,10
TPLink,10
TPLink,10
TPLink,10
TPLink,9
TPLink,7
TPLink,6
TPLink,9
TPLink,5
TPLink,6
TPLink,33
TPLink,33
TPLink,34
TPLink,33
TPLink,29
TPLink,29
TPLink,38
TPLink,33
TPLink,33
TPLink,33
TPLink,33
TPLink,33
TPLink,17
TPLink,13
TPLink,17
TPLink,13
TPLink,13
TPLink,13
TPLink,13
TPLink,33
TPLink,32
TPLink,25
TPLink,25
TPLink,34
TPLink,31
TPLink,31
TPLink,33
TPLink,11
TPLink,10
TPLink,10
TPLink,4
TPLink,20
TPLink,4
TPLink,4
TPLink,6
TPLink,6
TPLink,6
TPLink,8
TPLink,8
TPLink,5
TPLink,5
TPLink,5
TPLink,7
TPLink,7
TPLink,7
TPLink,13
TPLink,8
TPLink,8
TPLink,10
TPLink,10
TPLink,11
TPLink,11
TPLink,11
TPLink,11
TPLink,11
TPLink,11
TPLink,7
TPLink,7
TPLink,10
TPLink,6
TPLink,6
TPLink,6
TPLink,6
TPLink,6
TPLink,6
TPLink,10
TPLink,10
TPLink,11
TPLink,6
TPLink,5
TPLink,6
TPLink,6
TPLink,6
TPLink,6
TPLink,6
TPLink,6
TPLink,6
TPLink,10
TPLink,8
TPLink,7
TPLink,7
TPLink,10
TPLink,10
TPLink,10
TPLink,10
TPLink,6
TPLink,6
TPLink,6
TPLink,6
TPLink,6
TPLink,6
TPLink,6
TPLink,6
TPLink,6
TPLink,6
TPLink,5
TPLink,5
TPLink,5
TPLink,15
TPLink,15
TPLink,15
TPLink,15
TPLink,13
TPLink,15
TPLink,13
TPLink,15
TPLink,15
TPLink,13
TPLink,13
TPLink,13
TPLink,7
TPLink,7
TPLink,7
TPLink,13
TPLink,13
TPLink,13
TPLink,8
TPLink,8
TPLink,17
TPLink,17
TPLink,11
TPLink,11
TPLink,13
TPLink,13
TPLink,9
TPLink,9
TPLink,13
TPLink,9
TPLink,28
TPLink,30
TPLink,9
TPLink,13
TPLink,13
TPLink,9
TPLink,9
TPLink,9
TPLink,9
TPLink,9
TPLink,9
TPLink,11
TPLink,10
TPLink,9
TPLink,43
TPLink,11
TPLink,10
TPLink,10
TPLink,10
TPLink,9
TPLink,9
TPLink,9
TPLink,9
TPLink,11
TPLink,9
TPLink,11
TPLink,11
TPLink,11
TPLink,11
TPLink,11
TPLink,14
TPLink,14
TPLink,14
TPLink,30
TPLink,30
TPLink,15
TPLink,16
TPLink,12
TPLink,12
TPLink,10
TPLink,10
TPLink,10
TPLink,10
TPLink,12
TPLink,8
TPLink,8
TPLink,8
TPLink,11
TPLink,11
TPLink,14
TPLink,14
TPLink,15
TPLink,12
TPLink,14
TPLink,14
TPLink,13
TPLink,11
TPLink,12
TPLink,14
TPLink,11
TPLink,11
TPLink,9
TPLink,9
TPLink,9
TPLink,10
TPLink,9
TPLink,9
TPLink,7
TPLink,11
TPLink,10
TPLink,11
TPLink,11
TPLink,11
TPLink,11
TPLink,9
TPLink,9
TPLink,9
TPLink,10
TPLink,9
TPLink,9
TPLink,10
TPLink,10
TPLink,10
TPLink,11
TPLink,11
TPLink,12
TPLink,11
TPLink,13
TPLink,13
TPLink,14
TPLink,15
TPLink,15
TPLink,17
TPLink,17
TPLink,17
TPLink,18
TPLink,17
TPLink,18
TPLink,17
TPLink,14
TPLink,18
TPLink,17
TPLink,17
TPLink,21
TPLink,15
TPLink,15
TPLink,17
TPLink,31
TPLink,31
TPLink,35
TPLink,31
TPLink,31
TPLink,31
TPLink,30
TPLink,31
TPLink,31
TPLink,27
TPLink,31
TPLink,26
TPLink,26
TPLink,28
TPLink,26
TPLink,26
TPLink,26
TPLink,26
TPLink,26
TPLink,33
TPLink,33
TPLink,33
TPLink,40
TPLink,40
TPLink,40
TPLink,40
TPLink,40
TPLink,40
TPLink,33
TPLink,33
TPLink,33
TPLink,40
TPLink,40
TPLink,40
TPLink,31
TPLink,30
TPLink,30
TPLink,30
TPLink,31
TPLink,30
TPLink,51
TPLink,51
TPLink,42
TPLink,42
TPLink,42
TPLink,48
TPLink,42
TPLink,42
TPLink,42
TPLink,42
TPLink,43
TPLink,42
TPLink,42
TPLink,42
TPLink,44
TPLink,42
TPLink,32
TPLink,42
TPLink,42
TPLink,42
TPLink,42
TPLink,41
TPLink,32
TPLink,41
TPLink,41
TPLink,30
TPLink,31
TPLink,31
TPLink,30
TPLink,30
TPLink,29
TPLink,31
TPLink,31
TPLink,31
TPLink,32
TPLink,30
TPLink,30
TPLink,32
TPLink,30
TPLink,11
TPLink,15
TPLink,11
TPLink,16
TPLink,17
TPLink,17
TPLink,31
TPLink,6
TPLink,31
TPLink,31
TPLink,12
TPLink,10
TPLink,6
TPLink,12
TPLink,6
TPLink,31
TPLink,34
TPLink,34
TPLink,35
TPLink,35
TPLink,12
TPLink,29
TPLink,15
TPLink,8
trendnet,12
trendnet,18
trendnet,29
trendnet,2
trendnet,2
trendnet,1
trendnet,1
trendnet,7
trendnet,7
trendnet,0
trendnet,1
trendnet,7
trendnet,7
trendnet,7
trendnet,7
trendnet,14
trendnet,7
trendnet,7
trendnet,14
trendnet,14
trendnet,5
trendnet,5
trendnet,5
trendnet,5
trendnet,5
trendnet,5
trendnet,5
trendnet,5
trendnet,5
trendnet,5
trendnet,8
trendnet,6
trendnet,8
trendnet,8
trendnet,8
trendnet,8
trendnet,8
trendnet,8
trendnet,8
trendnet,8
trendnet,8
trendnet,8
trendnet,10
trendnet,10
trendnet,10
trendnet,2
trendnet,4
trendnet,2
trendnet,2
trendnet,4
trendnet,30
trendnet,30
trendnet,30
trendnet,30
trendnet,1
trendnet,1
trendnet,1
trendnet,1
trendnet,1
trendnet,1
trendnet,1
trendnet,1
trendnet,1
trendnet,1
trendnet,1
trendnet,1
trendnet,2
trendnet,1
trendnet,27
trendnet,2
trendnet,2
trendnet,1
trendnet,2
trendnet,2
trendnet,10
trendnet,12
trendnet,13
trendnet,11
trendnet,11
trendnet,10
trendnet,12
trendnet,11
trendnet,14
trendnet,18
trendnet,1
trendnet,30
trendnet,31
trendnet,2
trendnet,26
trendnet,31
trendnet,18
trendnet,37
trendnet,20
trendnet,21
trendnet,19
trendnet,19
trendnet,18
trendnet,29
trendnet,26
trendnet,10
trendnet,20
trendnet,19
trendnet,21
trendnet,18
trendnet,15
trendnet,19
trendnet,11
trendnet,24
trendnet,27
trendnet,25
trendnet,29
trendnet,19
trendnet,19
trendnet,8
trendnet,16
trendnet,22
trendnet,8
trendnet,14
trendnet,22
trendnet,8
trendnet,14
trendnet,25
trendnet,14
trendnet,9
trendnet,9
trendnet,5
trendnet,9
trendnet,16
trendnet,18
trendnet,18
trendnet,11
trendnet,14
trendnet,18
trendnet,16
trendnet,18
trendnet,1
trendnet,12
trendnet,15
trendnet,17
trendnet,18
trendnet,16
trendnet,17
trendnet,16
trendnet,10
trendnet,6
trendnet,6
trendnet,8
trendnet,8
trendnet,14
trendnet,15
trendnet,16
trendnet,17
trendnet,7
trendnet,11
trendnet,19
trendnet,4
trendnet,18
trendnet,15
trendnet,4
trendnet,12
trendnet,2
trendnet,1
trendnet,10
trendnet,12
trendnet,2
trendnet,1
trendnet,1
trendnet,2
trendnet,1
trendnet,1
trendnet,1
trendnet,18
trendnet,18
Ubiquiti,22
Ubiquiti,24
Ubiquiti,13
Ubiquiti,13
Ubiquiti,13
Ubiquiti,14
Ubiquiti,9
Ubiquiti,8
Ubiquiti,8
Ubiquiti,24
Ubiquiti,20
Ubiquiti,9
Ubiquiti,7
Ubiquiti,13
Ubiquiti,17
Ubiquiti,17
Ubiquiti,18
Ubiquiti,18
Ubiquiti,20
Ubiquiti,14
Ubiquiti,8
Ubiquiti,9
Ubiquiti,20
Ubiquiti,17
Ubiquiti,20
Ubiquiti,20
Ubiquiti,18
Ubiquiti,20
Ubiquiti,9
Ubiquiti,9
Ubiquiti,9
Ubiquiti,9
Ubiquiti,9
Ubiquiti,9
Ubiquiti,9
Ubiquiti,9
Ubiquiti,9
Ubiquiti,9
Ubiquiti,9
Ubiquiti,9
Ubiquiti,9
Ubiquiti,9
Ubiquiti,9
Ubiquiti,10
Ubiquiti,10
Ubiquiti,10
Ubiquiti,10
Ubiquiti,18
Ubiquiti,20
Ubiquiti,6
Ubiquiti,6
Ubiquiti,6
Ubiquiti,6
Ubiquiti,6
Ubiquiti,6
Ubiquiti,6
Ubiquiti,6
Ubiquiti,6
Ubiquiti,6
Ubiquiti,6
Ubiquiti,6
Ubiquiti,6
Ubiquiti,6
Ubiquiti,6
Ubiquiti,6
Ubiquiti,6
Ubiquiti,6
Ubiquiti,6
Ubiquiti,6
Ubiquiti,6
Ubiquiti,6
Ubiquiti,6
Ubiquiti,6
Ubiquiti,6
Ubiquiti,6
Ubiquiti,6
Ubiquiti,6
Ubiquiti,6
Ubiquiti,6
Ubiquiti,9
Ubiquiti,6
Ubiquiti,6
Ubiquiti,7
Ubiquiti,7
Ubiquiti,7
Ubiquiti,7
Ubiquiti,7
Ubiquiti,7
Ubiquiti,7
Ubiquiti,7
Ubiquiti,9
Ubiquiti,9
Ubiquiti,9
Ubiquiti,9
Ubiquiti,9
Ubiquiti,9
Ubiquiti,9
Ubiquiti,9
Ubiquiti,9
Ubiquiti,9
Ubiquiti,9
Ubiquiti,9
Ubiquiti,9
Ubiquiti,9
Ubiquiti,9
Ubiquiti,9
Ubiquiti,9
Ubiquiti,9
Ubiquiti,9
Ubiquiti,16
Ubiquiti,8
Ubiquiti,8
Ubiquiti,16
Ubiquiti,16
Ubiquiti,8
Ubiquiti,16
Ubiquiti,17
Ubiquiti,8
Ubiquiti,17
Ubiquiti,17
Ubiquiti,17
Ubiquiti,17
Ubiquiti,17
Ubiquiti,17
Ubiquiti,17
Ubiquiti,17
Ubiquiti,17
Ubiquiti,17
Ubiquiti,16
Ubiquiti,6
Ubiquiti,6
Ubiquiti,6
Ubiquiti,7
Ubiquiti,6
Ubiquiti,6
Ubiquiti,20
Ubiquiti,6
Ubiquiti,6
Ubiquiti,6
Ubiquiti,6
Ubiquiti,6
Ubiquiti,6
Ubiquiti,6
Ubiquiti,6
Ubiquiti,6
Ubiquiti,6
Ubiquiti,5
Ubiquiti,6
Ubiquiti,5
Ubiquiti,5
Ubiquiti,5
Ubiquiti,5
Ubiquiti,5
Ubiquiti,5
Ubiquiti,5
Ubiquiti,5
Ubiquiti,5
Ubiquiti,5
Ubiquiti,5
Ubiquiti,5
Ubiquiti,5
Ubiquiti,5
Ubiquiti,5
Ubiquiti,6
Ubiquiti,6
Ubiquiti,6
Ubiquiti,6
Ubiquiti,6
Ubiquiti,6
Ubiquiti,6
Ubiquiti,6
Ubiquiti,6
Ubiquiti,6
Ubiquiti,6
Ubiquiti,6
Ubiquiti,6
Ubiquiti,6
Ubiquiti,6
Ubiquiti,6
Ubiquiti,6
Ubiquiti,6
Ubiquiti,6
Ubiquiti,6
Ubiquiti,6
Ubiquiti,6
Ubiquiti,6
Ubiquiti,6
Ubiquiti,6
Ubiquiti,6
Ubiquiti,6
Ubiquiti,6
Ubiquiti,6
Ubiquiti,6
Ubiquiti,6
Ubiquiti,6
Ubiquiti,6
Ubiquiti,6
Ubiquiti,6
Ubiquiti,6
Ubiquiti,6
Ubiquiti,18
Ubiquiti,18
Ubiquiti,18
Ubiquiti,18
Ubiquiti,18
Ubiquiti,18
Ubiquiti,18
Ubiquiti,18
Ubiquiti,18
Ubiquiti,18
Ubiquiti,25
Ubiquiti,0
Ubiquiti,0
Ubiquiti,6
Ubiquiti,60
Ubiquiti,60
Ubiquiti,60
Ubiquiti,6
Ubiquiti,6
Ubiquiti,6
Ubiquiti,6
Ubiquiti,6
Ubiquiti,6
Ubiquiti,6
Ubiquiti,6
Ubiquiti,6
Ubiquiti,6
Ubiquiti,6
Ubiquiti,6
Ubiquiti,6
Ubiquiti,6
Ubiquiti,6
Ubiquiti,6
Ubiquiti,1
Ubiquiti,0
Ubiquiti,0
Ubiquiti,0
Ubiquiti,0
Ubiquiti,0
Ubiquiti,0
Ubiquiti,0
Ubiquiti,13
Ubiquiti,0
Ubiquiti,0
Ubiquiti,0
Ubiquiti,12
Ubiquiti,12
Ubiquiti,0
Ubiquiti,0
Ubiquiti,13
Ubiquiti,13
Ubiquiti,9
Ubiquiti,20
Ubiquiti,20
Ubiquiti,20
Ubiquiti,17
Ubiquiti,9
Ubiquiti,15
Ubiquiti,8
Ubiquiti,14
Ubiquiti,10
Ubiquiti,20
Ubiquiti,14
Ubiquiti,20
Ubiquiti,20
Ubiquiti,20
Ubiquiti,0
Ubiquiti,15
Ubiquiti,0
Ubiquiti,0
Ubiquiti,0
Ubiquiti,11
Ubiquiti,20
Ubiquiti,0
Ubiquiti,0
Ubiquiti,0
Ubiquiti,0
Ubiquiti,0
Ubiquiti,0
Ubiquiti,0
Ubiquiti,18
Ubiquiti,19
Ubiquiti,15
Ubiquiti,19
Ubiquiti,17
Ubiquiti,18
Ubiquiti,8
Ubiquiti,19
Ubiquiti,19
Ubiquiti,19
Ubiquiti,15
Ubiquiti,19
Ubiquiti,18
Ubiquiti,18
Ubiquiti,14
Ubiquiti,14
Ubiquiti,15
Ubiquiti,15
Ubiquiti,1
Ubiquiti,16
Ubiquiti,1
Ubiquiti,16
Ubiquiti,27
Ubiquiti,5
Ubiquiti,22
Ubiquiti,22
Ubiquiti,22
Ubiquiti,23
Ubiquiti,23
Ubiquiti,1
Ubiquiti,1
Ubiquiti,1
Ubiquiti,1
Ubiquiti,24
Ubiquiti,24
Ubiquiti,1
Ubiquiti,23
Ubiquiti,1
Ubiquiti,23
Ubiquiti,0
Ubiquiti,0
Ubiquiti,18
Ubiquiti,19
Ubiquiti,19
Ubiquiti,20
Ubiquiti,21
Ubiquiti,20
Ubiquiti,21
Ubiquiti,21
Ubiquiti,22
Ubiquiti,22
Ubiquiti,0
Ubiquiti,23
Ubiquiti,23
Ubiquiti,23
Ubiquiti,23
Ubiquiti,0
Ubiquiti,23
Ubiquiti,23
Ubiquiti,23
Ubiquiti,24
Ubiquiti,0
Ubiquiti,24
Ubiquiti,23
Ubiquiti,23
Ubiquiti,22
Ubiquiti,21
Ubiquiti,22
Ubiquiti,22
Ubiquiti,22
Ubiquiti,23
Ubiquiti,16
Ubiquiti,17
Ubiquiti,17
Ubiquiti,17
Ubiquiti,17
Ubiquiti,16
Ubiquiti,17
Ubiquiti,17
Ubiquiti,17
Ubiquiti,16
Ubiquiti,16
Ubiquiti,16
Ubiquiti,16
Ubiquiti,15
Ubiquiti,16
Ubiquiti,3
Ubiquiti,2
Ubiquiti,2
Ubiquiti,16
Ubiquiti,5
Ubiquiti,16
Ubiquiti,3
Ubiquiti,3
Ubiquiti,2
Ubiquiti,2
Ubiquiti,2
Ubiquiti,1
Ubiquiti,18
Ubiquiti,11
Ubiquiti,0
Ubiquiti,0
Ubiquiti,11
Ubiquiti,25
Ubiquiti,0
Ubiquiti,0
Ubiquiti,0
Ubiquiti,24
Ubiquiti,24
Ubiquiti,24
Ubiquiti,0
Ubiquiti,8
Ubiquiti,2
Ubiquiti,0
Ubiquiti,8
Ubiquiti,9
Ubiquiti,11
Ubiquiti,10
Ubiquiti,14
Ubiquiti,14
Ubiquiti,15
Ubiquiti,15
Ubiquiti,15
Ubiquiti,16
Ubiquiti,16
Ubiquiti,16
Ubiquiti,16
Ubiquiti,26
Ubiquiti,15
Ubiquiti,27
Ubiquiti,32
Ubiquiti,26
Ubiquiti,32
Ubiquiti,27
Ubiquiti,27
Ubiquiti,23
Ubiquiti,32
Ubiquiti,0
Ubiquiti,15
Ubiquiti,14
Ubiquiti,12
Ubiquiti,1
Ubiquiti,16
Ubiquiti,16
Ubiquiti,15
Ubiquiti,19
Ubiquiti,19
Ubiquiti,18
Ubiquiti,0
Ubiquiti,19
Ubiquiti,18
Ubiquiti,19
Ubiquiti,19
Ubiquiti,19
Ubiquiti,19
Ubiquiti,18
Ubiquiti,19
Ubiquiti,19
Ubiquiti,19
Ubiquiti,19
Ubiquiti,19
Ubiquiti,19
Ubiquiti,18
Ubiquiti,14
Ubiquiti,14
Ubiquiti,18
Ubiquiti,15
Ubiquiti,15
Ubiquiti,15
Ubiquiti,15
Ubiquiti,16
Ubiquiti,16
Ubiquiti,16
Ubiquiti,16
Ubiquiti,20
Ubiquiti,20
Ubiquiti,21
Ubiquiti,21
Ubiquiti,18
Ubiquiti,14
Ubiquiti,16
Ubiquiti,19
Ubiquiti,7
Ubiquiti,8
Ubiquiti,19
Ubiquiti,19
Ubiquiti,19
Ubiquiti,19
Ubiquiti,19
Ubiquiti,9
Ubiquiti,19
Ubiquiti,7
Ubiquiti,18
Ubiquiti,2
Ubiquiti,1
Ubiquiti,1
Ubiquiti,1
Ubiquiti,15
Ubiquiti,1
Ubiquiti,16
Ubiquiti,1
Ubiquiti,15
Ubiquiti,13
Ubiquiti,23
Ubiquiti,23
Ubiquiti,23
Ubiquiti,23
Ubiquiti,23
Ubiquiti,23
Ubiquiti,23
Ubiquiti,23
Ubiquiti,0
Ubiquiti,0
Ubiquiti,22
Ubiquiti,22
Ubiquiti,16
Ubiquiti,16
Ubiquiti,17
Ubiquiti,16
Ubiquiti,4
Ubiquiti,4
Ubiquiti,4
Ubiquiti,4
Ubiquiti,4
Ubiquiti,4
Ubiquiti,4
Ubiquiti,4
Ubiquiti,4
Ubiquiti,4
Ubiquiti,1
Ubiquiti,1
Ubiquiti,4
Ubiquiti,17
Ubiquiti,4
Ubiquiti,4
Ubiquiti,4
Ubiquiti,4
Ubiquiti,4
Ubiquiti,4
Ubiquiti,4
Ubiquiti,4
Ubiquiti,4
Ubiquiti,4
Ubiquiti,15
Ubiquiti,1
Ubiquiti,4
Ubiquiti,4
Ubiquiti,4
Ubiquiti,2
Ubiquiti,4
Ubiquiti,2
Ubiquiti,4
Ubiquiti,2
Ubiquiti,2
Ubiquiti,4
Ubiquiti,4
Ubiquiti,4
Ubiquiti,4
Ubiquiti,2
Ubiquiti,4
Ubiquiti,4
Ubiquiti,4
Ubiquiti,4
Ubiquiti,4
Ubiquiti,2
Ubiquiti,1
Ubiquiti,1
Ubiquiti,4
Ubiquiti,1
Ubiquiti,2
Ubiquiti,4
Ubiquiti,4
Ubiquiti,1
Ubiquiti,2
Ubiquiti,2
Ubiquiti,1
Ubiquiti,9
Ubiquiti,9
Ubiquiti,1
Ubiquiti,9
Ubiquiti,6
Ubiquiti,6
Ubiquiti,9
Ubiquiti,1
Ubiquiti,6
Ubiquiti,1
Ubiquiti,9
Ubiquiti,9
Ubiquiti,6
Ubiquiti,6
Ubiquiti,6
Ubiquiti,6
Ubiquiti,6
Ubiquiti,6
Ubiquiti,6
Ubiquiti,6
Ubiquiti,6
Ubiquiti,0
Ubiquiti,6
Ubiquiti,2
Ubiquiti,50
Ubiquiti,6
Ubiquiti,2
Ubiquiti,6
Ubiquiti,50
Ubiquiti,50
Ubiquiti,50
Ubiquiti,50
Ubiquiti,0
Ubiquiti,53
Ubiquiti,0
Ubiquiti,0
Ubiquiti,50
Ubiquiti,0
Ubiquiti,0
Ubiquiti,0
Ubiquiti,53
Ubiquiti,0
Ubiquiti,0
Ubiquiti,0
Ubiquiti,51
Ubiquiti,0
Ubiquiti,53
Ubiquiti,53
Ubiquiti,0
Ubiquiti,52
Ubiquiti,50
Ubiquiti,46
Ubiquiti,0
Ubiquiti,49
Ubiquiti,49
Ubiquiti,48
Ubiquiti,52
Ubiquiti,50
Ubiquiti,50
Ubiquiti,50
Ubiquiti,50
Ubiquiti,0
Ubiquiti,51
Ubiquiti,0
Ubiquiti,0
Ubiquiti,0
Ubiquiti,0
Ubiquiti,52
Ubiquiti,0
Ubiquiti,0
Ubiquiti,0
Ubiquiti,0
Ubiquiti,0
Ubiquiti,0
Ubiquiti,0
Ubiquiti,0
Ubiquiti,0
Ubiquiti,0
Ubiquiti,0
Ubiquiti,0
Ubiquiti,0
Ubiquiti,0
Ubiquiti,0
Ubiquiti,0
Ubiquiti,49
Ubiquiti,0
Ubiquiti,0
Ubiquiti,0
Ubiquiti,0
Ubiquiti,0
Ubiquiti,0
Ubiquiti,0
Ubiquiti,0
Ubiquiti,0
Ubiquiti,0
Ubiquiti,0
Ubiquiti,0
Ubiquiti,0
Ubiquiti,0
Ubiquiti,0
Ubiquiti,0
Ubiquiti,46
Ubiquiti,0
Ubiquiti,0
Ubiquiti,0
Ubiquiti,0
Ubiquiti,0
Ubiquiti,0
Ubiquiti,0
Ubiquiti,0
Ubiquiti,0
Ubiquiti,0
Ubiquiti,0
Ubiquiti,0
Ubiquiti,0
Ubiquiti,0
Ubiquiti,0
Ubiquiti,0
Ubiquiti,0
Ubiquiti,0
Ubiquiti,0
Ubiquiti,0
Ubiquiti,0
Ubiquiti,0
Ubiquiti,0
Ubiquiti,0
Ubiquiti,0
Ubiquiti,0
Ubiquiti,46
Ubiquiti,0
Ubiquiti,0
Ubiquiti,0
Ubiquiti,0
Ubiquiti,0
Ubiquiti,0
Ubiquiti,0
Ubiquiti,0
Ubiquiti,23
Ubiquiti,0
Ubiquiti,0
Ubiquiti,0
Ubiquiti,0
Ubiquiti,0
Ubiquiti,0
Ubiquiti,0
Ubiquiti,0
Ubiquiti,0
Ubiquiti,0
Ubiquiti,0
Ubiquiti,0
Ubiquiti,0
Ubiquiti,0
Ubiquiti,0
Ubiquiti,0
Ubiquiti,0
Ubiquiti,6
xerox,0
xerox,0
xerox,41
xerox,41
xerox,41
xerox,41
xerox,0
xerox,0
xerox,0
xerox,0
xerox,0
xerox,0
xerox,0
xerox,0
xerox,0
xerox,0
xerox,0
xerox,0
xerox,0
