router,FW_RT_AX86U_AX86S_300438645375,71
router,FW_RT_AX86U_AX86S_300438645898,70
router,FW_RT_AX88U_300438646065,68
router,FW_RT_AX86U_300438641535,67
router,FW_RT_AX92U_300438645934,67
router,FW_RT_AX92U_v300438646061,67
router,FW_RT_AX92U_300438645898,67
router,FW_RT_AX92U_300438644695,67
router,FW_BLUECAVE_300438446417,64
router,FW_BLUECAVE_300438446468,64
router,FW_RT_AX82U_v30043849703,63
router,FW_RT_AX82U_30043849926,63
router,FW_RT_AX82U_30043849617,63
router,FW_TUF_AX3000_300438641700,63
router,FW_RT_AX82U_30043849385,63
router,FW_RT_AX82U_30043849261,63
router,FW_BLUECAVE_300438445708,62
router,FW_BLUECAVE_300438445149,62
router,FW_BLUECAVE_300438432546,62
router,FW_RT_AX92U_300438643084,62
router,FW_RT_AC86U_300438644470,61
router,FW_TUF_AX3000_30043849190,61
router,FW_TUF_AX3000_300438410177,61
router,FW_TUF_AX3000_30043849923,61
router,FW_TUF_AX3000_30043848591,61
router,FW_TUF_AX3000_30043848563,61
router,FW_RT_AC86U_300438642643,59
router,FW_RT-AC86U_900438641994,58
router,FW_RT_AC86U_300438640451,58
router,FW_RT_AC86U_300438481930,57
router,FW_RT_AC86U_300438482072,57
router,FW_RT_AC86U_300438481992,57
router,FW_RT_AC86U_300438481918,57
router,FW_RT_AC86U_300438481858,57
router,FW_RT_AC86U_300438481352,57
camera,BM1 XM530_BMS53X20-WVGA_16M_V20211223,6
camera,FI9900W V-11.154.1.15,4
camera,FN7108W-B4 V-6.2.30.140000,3
camera,FN8108HE/FN8108H V-6.2.30.140000,3
router,routeros-7.2,11
router,routeros-7.2rc7,11
router,routeros-x86-6.48.6,10
router,routeros-x86-6.49.5,10
router,routeros-x86-6.49rc2,10
router,routeros-7.2-mmips,9
router,routeros-7.2rc7-arm64,9
router,routeros-7.2-arm64,9
router,routeros-7.2rc7-arm,9
router,routeros-7.2-arm,9
router,routeros-7.2rc7-mmips,9
router,routeros-7.2-smips,9
router,routeros-7.2-mipsbe,9
router,routeros-7.2rc7-smips,9
router,routeros-7.2rc7-mipsbe,9
router,routeros-arm-6.48.6,8
router,routeros-arm-6.49rc2,8
router,routeros-arm-6.49.5,8
router,routeros-arm64-6.48.6,8
router,routeros-arm64-6.49.5,8
router,routeros-arm64-6.49rc2,8
router,routeros-smips-6.48.6,8
router,routeros-mmips-6.49.5,8
router,routeros-mipsbe-6.49.5,8
router,routeros-mipsbe-6.49rc2,8
router,routeros-smips-6.49.5,8
router,routeros-mmips-6.48.6,8
router,routeros-mmips-6.49rc2,8
router,routeros-smips-6.49rc2,8
router,routeros-mipsbe-6.48.6,8
router,XR700-V1.0.1.48,67
router,R8900-V1.0.5.40,63
router,R7500v2-V1.0.3.48,56
router,RAX38-V1.0.4.102_1.0.1,53
router,BR200-FW-V5.10.0.5,52
router,LBR20_V2.6.5.32,51
router,R7500-V1.0.0.130,50
router,R7400_V1.2.0.90_1.0.1,46
router,R7350_V1.2.0.90_1.0.1,46
router,R7200_V1.2.0.90_1.0.1,46
router,R6230-V1.1.0.112_1.0.1,45
router,R6220-V1.1.0.112_1.0.1,45
router,FVS318Gv2_V4.3.5-3,40
router,FVS318N_V4.3.5-3,40
router,R7300-V1.0.0.74_1.0.29,38
router,RS400-V1.5.1.86_10.0.58,37
router,WNDR4300v2-V1.0.0.60_BETA,37
router,WNDR3700v5_V1.1.0.54_1.0.1,37
router,R8000-V1.0.4.84_10.1.84,37
router,R7900-V1.0.4.46_10.0.53,37
router,R7850-V1.0.5.84_10.1.84,37
router,R6900-V1.0.2.26_10.0.45,37
router,R6700-V1.0.2.26_10.0.61,37
router,LG6100D-Firmware-02_02_84,36
router,R6250-V1.0.4.48_10.1.30,36
router,D6000_V1.0.0.80_1.0.1,35
router,WNDR4700-V1.0.0.56,35
router,D3600_V1.0.0.76_1.0.1,34
router,JR6150_R6050-V1.0.1.26_1.0.1,32
router,DGND4000_V1.1.00.14_1.00.14NA,31
router,D6200_V1.1.00.40_1.00.40,31
router,WNDR4300-V1.0.2.104,31
router,R6200v2-V1.0.3.12_10.1.11,31
router,DGND3700v2-V1.1.00.26_1.00.26NA,30
router,swi_nhd1w_1.0.95.1,29
router,R6300v2-V1.0.4.52_10.0.93,29
router,R6100-V1.0.1.28,29
router,AC1450-V1.0.0.36_10.0.17,28
router,DGN2200v3-V1.1.00.25_1.00.25,28
router,WNDR3700v4-V1.0.2.102,28
router,PR2000-V1.0.0.30_1.0.1,27
router,DGN3500-V1.1.00.37NA,26
router,D6100_V1.0.0.63_0.0.63,26
router,WNR2200-V1.0.1.102,26
router,JNR3210_V1.1.0.30_1.0.2,26
router,JNR3000_V1.1.0.29_1.0.1,26
router,LG2200D-V1.0.0.57_1.0.40,25
router,R6300-V1.0.2.80_1.0.59,24
router,WNDAP620_V2.1.7,23
router,DM200_V1.0.0.66,23
router,MVBR1210C_V1.2.0.35BM,22
router,WNR612v3_WNR500_V1.0.0.26,22
router,R4500_V1.0.0.4_1.0.3,22
router,JWNR2000v3_JWNR2010v3_JWNR2000Tv3-v1.0.0.32,22
router,R6200-V1.0.1.58_1.0.44,22
router,WFS709TP_V2.5.6.24_22925,20
router,WND930_V2.1.5,20
router,MBR1515-V1.2.2.68Retail,20
router,MBR1516-V1.2.2.84-BM,20
router,DGN2200-V1.0.0.60_7.0.57,20
router,EX6100-V1.0.2.28_1.1.138,20
router,WNR3500L_V1.2.2.48_35.0.55NA,20
router,MBRN3000-V1.0.0.74_2.0.12WW,19
router,EX6150-V1.0.0.46_1.0.76,19
router,EX6120-V1.0.0.54_1.0.34,18
router,EX6000-V1.0.0.44_1.0.28,18
router,N300-V1.1.0.54_1.0.1,18
router,wnr612v2-V1.0.0.3_1.0.2,18
router,WNR2500-V1.0.0.34NA,18
router,N300-V1.1.0.62_1.0.1,18
router,WG103_V2.2.5_firmware,17
router,DGN1000v3-V1.0.0.22_0.0.22,17
router,D6300-V1.0.0.102_1.0.102,17
router,WGR614v10-V1.0.2.66_60.0.90NA,17
router,wnr834bv2_2_1_13_na_only,17
router,WNR2000v5-V1.0.0.78,17
router,wnr2000v4-V1.0.0.70,17
router,wnr2000v3-V1.1.2.18,17
router,WNR1000v3-V1.0.2.78_60.0.96NA,17
router,WNR1000v2-V1.1.2.60NA,17
router,WNDR3300-V1.0.45_1.0.45NA,17
router,DGN1000_V1.1.00.56_NA,16
router,DG834GBv3_V4.01.41,16
router,DG834Gv5-V1.6.01.34,16
router,WPN824V3-V1.0.8_1.0.7NA,16
router,WPN824N-V1.0.0.28,16
router,WNR2000v2-V1.2.0.12_36.0.60NA,16
router,dg834v3_dg834gv3_na_4_03_04,15
router,DG834Gv2_V3.01.26,15
router,JWNR2000v2_WNR1500-V1.0.0.11_1.0.1,15
router,DM111PSPv2_v1.1.00.09_NA,14
router,EX6110_EX3110_EX5000_EX2800-V1.0.1.74,14
router,WNR854T_V1.5.2NA,14
router,WNDR4000-V1.0.2.10_9.1.89,13
router,WN2000RPT-V1.0.1.24NA,12
router,XWN5001-V0.4.1.1,11
router,EX6200-V1.0.3.94_1.1.128,11
router,WGR614v9_V1.2.32_43.0.46NA,11
router,WN604_V3.3.10,10
router,GC728X_GC728XP_GC752X_GC752XP_V1.0.5.35,10
router,PLW1000v2-V1.0.0.14,10
router,PLW1000-V1.0.1.6,10
router,PLW1000v2-V1.0.0.18,10
router,DM111Pv2_V2.00.31,10
router,DST6501-V1.0.1.6,10
router,NG8800-12.4.3.5-1-4,9
router,WN2500RPv2-V1.0.1.56_1.0.71,9
switch,WN2000RPTv3-V1.0.1.34,9
switch,WNCE4004-V1.0.0.34,9
switch,GS728TX_GS728TXP_GS752TX_GS752TXP_V6.6.4.26,8
switch,GS348Tv1_V1.0.0.38,8
switch,WN3100RPv2-V1.0.0.66,8
switch,wn1000rp-V1.0.0.52,8
switch,GSM4210P_V12.0.2.40,7
switch,GC110_GC110P_GC510P_GC510PP_V1.0.5.35,7
switch,XCM8900_F_X_V11.0.0.40,6
switch,WN3500RP-V1.0.0.28_1.0.66,6
switch,WNDRMACv2-V1.0.0.20,6
switch,WN3100RP-V1.0.0.20_1.0.22,5
switch,WN3000RP_V1.0.2.64_1.1.86,5
switch,WN2500RP-V1.0.0.30_1.0.58,5
switch,WNDR3700v2_WNDR37AVv2-V1.0.1.14,5
switch,XS712T_V6.1.0.36,4
switch,GS728TS_GS728TPS_GS752TS_GS752TPS_V5.3.0.36,4
switch,GS716Tv3_GS724Tv4_GS748Tv5_V6.3.1.39,4
switch,XSM7224_V11.0.0.40,4
switch,GSM7200_7300S_P_FS_V11.0.0.40,4
switch,GSM_FSM_52_7200_V10.0.2.35,4
switch,GS110TUPv1_GS710TUPv1_V1.0.5.3,4
switch,GC108Pv1_GC108PPv1_V1.0.8.2,4
switch,WNCE3001-V1.0.0.50_1.0.35,4
switch,FVS318G_V3.1.1-18,3
switch,JGSM7224_V9.2.0.15,3
switch,NTV350_v2.0.0.10,3
switch,D8500_V1.0.3.60_1.0.1,3
switch,WNDR4500v2-V1.0.0.72_1.0.45,3
switch,WNDR4500-V1.0.1.46_1.0.76,3
switch,WNDR3700v3-V1.0.0.42_1.0.33,3
switch,GS728TXS_GS752TXS_V6.1.0.39,2
switch,XS728T_XS748T_V6.5.1.51,2
switch,AC803S_1780690_01.13.00_032.field,2
switch,AC802S_1453010_01.07.09_041.field,2
switch,WNDR4500v3-V1.0.0.60_BETA,2
switch,WNDR3400v2-V1.0.0.54_1.0.82,2
switch,WNDR3400-V1.0.0.52_20.0.60,2
switch,GS750E_V1.0.1.10,1
switch,MS510TX_TXPP_V6.7.0.52,1
switch,GS716TPv1_GS716TPPv1_V1.0.4.2,1
switch,WNDR3800-V1.0.0.52,1
switch,WNDR3700-V1.0.16.98NA,1
switch,JNR1010-v1.0.0.32,1
router,Archer AX50(US)_V1_200708,51
router,Archer AX50(US)_V1_200426,51
router,Archer AX73_V1_211222,48
router,Archer AX6000(US)_V1_200714,44
router,Archer MR600(EU)_V1_190412,43
router,Archer AX6000(US)_V2_211118,43
router,ER605(UN)_v2_2.0.0 Build 20220106,42
router,ER605(UN)_v2_2.0.1 Build 20220223,42
router,Archer AX55(US)_V2_220127,42
router,Archer AX55(US)_V2_211217,42
router,Archer AX55(US)_V2_211116,42
router,Archer AX73(EU&JP)_V1_211125,42
router,Archer AX73(US&CA&TW)_V1_211119,42
router,Archer AXE75(EU)_V1_220429,42
router,Archer AXE75(EU)_V1_220405,42
router,Archer AX90(US)_V1_210903,42
router,Archer AX90(EU)_V1_220118,42
router,Archer AX90(US)_V1_220118,42
router,Archer AX6000(US)_V1_200212,42
router,Archer AX6000(EU)_V1_190822,42
router,Archer GX90(US)_V1_210825,42
router,Archer GX90(EU)_V1_210825,42
router,Archer GX90(US)_V1_201021,42
router,Archer AX11000(US)_V1_200216,41
router,Archer AX11000(EU)_v1_20191223,41
router,Archer AX11000(EU)_V1_190924,41
router,Archer AX20_V1_211231,40
router,Archer AX20_V1_210902,40
router,Archer AX20(US)_V1.0_200929,40
router,Archer AX20_V1.2_210901,40
router,Archer AX20(US)_V1.2_211231,40
router,Archer AX20(US)_v1.20_210521,40
router,Archer AX20(US&CA)_V2_210901,40
router,Archer AX20(US&CA)_V2_211231,40
router,Archer AX20(US)_V2_210521,40
router,TL-MR6400(EU)_V5.20_210803,39
router,M7450(EU)_V2.0_190807,38
router,Archer MR400(EU)_V3_190226,36
router,Archer MR400(EU)_V3_190307,36
router,Archer MR400(EU)_V3_181214,36
router,Archer MR200(EU)_V4_190307,36
router,Archer MR200(EU)_V4_180913,36
router,Archer MR200(EU)_V4_181022,36
router,TL-MR6400(EU)_V3_181022,36
router,TL-MR6400(EU)_V3_180719,36
router,TL-MR6400(EU)_V3_180403,36
router,TL-MR6400(EU)_V4_190521,36
router,TL-MR6400(EU)_V4_181214,36
router,Archer MR200(EU)_V3_190307,36
router,Archer MR200(EU)_V3_181022,36
router,MR200(EU)_V3_180702,36
router,Archer MR400(EU)_V1_181112,36
router,Archer MR400(EU)_V1_180720,36
router,Archer MR400(EU)_V1_180509,36
router,Archer MR400(EU)_V2_190307,36
router,Archer MR400(EU)_V2_181115,36
router,MR400(EU)_V2_180621,36
router,ER605(UN)_v1_1.2.0 Build 20220114,36
router,Archer MR200(EU)_V2_181219,35
router,Archer C6(US)_V3.20_210513,35
router,TL-WAR1750L V1.0_170113标准版,35
router,TL-WVR1750L V1.0_170113标准版,35
router,M7350(EU)_V7_211119,34
router,M7350(EU)_V6.2_210414,34
router,TL-WVR2600L V1.0_170113标准版,34
router,TL-WAR2600L V1.0_170113标准版,34
router,Deco_XE75_V1_1.1.1_20211111,33
router,Deco_XE75_1.1.2_20220224,33
router,Deco_XE75_V1_1.1.4_20220328,33
router,TL-R470T%2B_v6_20180211,33
router,TL-R470T%2B_v6_20180108,33
router,M7650(EU)_V1.1_180723,33
router,M7650(EU)_V1.1_180511,33
router,M7650(EU)_V1.1_180328,33
router,M7650(EU)_V1_180510,33
router,M7650(EU)_V1_180808,33
router,M7650_EU_V1_180425,33
router,M7450(EU)_V1_180510,33
router,M7450_EU_V1_180412,33
router,M7350(EU)_V4_181220,33
router,M7450(EU)_V1_180720,33
router,Archer AX10(US)_V1.20_220117,33
router,Archer AX10(EU)_V1.20_220117,33
router,Archer AX10(US)_V1.2_210513,33
router,Archer AX10_V1_211117,33
router,Archer AX10_V1_211014,33
router,Archer AX10_V1_210809,33
router,TL-R470T_v6_20180731,32
router,M7350(EU)_V5_181220,32
router,Deco_E4_V1_1.5.4_211101,32
router,Deco E4R_V1_190823,32
router,Deco_M4_V2_1.5.4_220113,32
router,Deco_P9_V1_200513,32
router,Archer VR900(EU)_V1_170119,31
router,Archer_VR900(EU)_V1_160316,31
router,Archer_VR900(EU)_V1_160218,31
router,M7200(EU)_V2_190802,31
router,M7200(EU)_V2_190408,31
router,Archer C6(US)_V3.20_211118,31
router,Archer C6(EU)_V3.20_211118,31
router,Archer C1200(US)_V3_200401,31
router,Archer C1200(EU)_V1_170706,31
router,Archer C1200(EU)_V1_170616,31
router,Archer C1200(EU)_V2_180118,31
router,Archer C1200(EU)_V2_180108,31
router,Archer C1200(EU)_V2_170206,31
router,Archer AX23(EU)_V1.2_220216,31
router,Archer AX23(EU-RU-KR)_V1_211126,31
router,Deco_M5_1.5.7_20210819,31
router,Deco M5_V1_V2_190617,31
router,Deco M5_V2_200221,31
router,Deco M5_V3_200221,31
router,Deco M5_V3_200113,31
router,TL-WVR450 V1.0_20161228标准版,31
router,TL-WVR458L V1.0_20161207标准版,31
router,TL-WVR900L V1.0_20161207标准版,31
router,TL-WAR450 V1.0_170105标准版,31
router,RE605X_V1_200721,30
router,Touch_P5_v1_151013,30
router,Touch_P5_v1_150709,30
router,Archer C1200(EU)_V1_160918,30
router,Archer AX23(US)_V1.2_220216,30
router,Archer AX23(US)_V1.2_211117,30
router,Archer AX23(US&CA&TW)_V1_220216,30
router,Archer AX23(US-CA-TW)_V1_211117,30
router,M4_V4_211202,30
router,Deco M9 Plus_V1_190403,30
router,Deco M9 Plus_V1_190308,30
router,Deco_M4_V3_1.5.0_210414,30
router,Deco_M4_V3_1.5.1_210512,30
router,Deco P9_V1_190422,30
router,mr6400v2_en_1_0_20_up_boot(200619),29
router,TL-MR6400_EU_V2_181219,29
router,M7200(EU)_V1_190819,29
router,M7200(EU)_V1_181220,29
router,Deco M9 Plus_V1_181206,29
router,TL-R473P-AC V1.0_170120标准版,29
router,RE505X_V1_200110,28
router,Archer C60(US)_V3_190524,28
router,Archer C6(EU)_V2_200402,27
router,Archer MR200(EU)_V1_180502,26
router,Archer_MR200(EU)_V1_160905_1476936302791w,26
router,Archer_MR200(EU)_V1_160412,26
router,Archer VR2100(EU)_V1_191218,26
router,Archer C6(EU)_V2_020110,26
router,Archer C6(EU)_V2_190115,26
router,Archer C60(EU)_V3.0_190115,26
router,Archer C60(EU)_V1_160811,26
router,Archer C60(EU)_V1_160712,26
router,Archer C60(US)_V2_210407,26
router,Archer C60(EU)_V2_161206,26
router,Archer_VR600_V2_170504,25
router,Archer_VR600v(EU)_V2_170814,25
router,M7000(EU)_V1_211230,25
router,M7000(EU)_V1_200514,25
router,Archer_VR2800(EU)V1_170809,24
router,Archer VR900(EU)_V3_170303,23
router,Archer VR2800(EU)_V1_170110,23
router,Archer VR2800v(DE)_V1_170502,23
router,TL-MR6400(EU)_V1_180522,22
router,TL-MR6400(EU)_V1_160322,22
router,TL-MR6400(EU)_V1_160115,22
router,Archer_VR600(EU)_V1_160614_1472097386980m,21
router,Archer_VR600(EU)_V1_160217,21
router,Archer C20(EU)_V2_160726,21
router,Archer_VR900(EU)_V2_160721_1476518103623s,20
router,TL-WA1201(US)_V2_200104,20
router,OC300(UN)_v1_1.1.0 Build 20210406,19
router,OC200(UN)_v1_1.2.6_20211230,19
router,OC200(UN)_v1_1.8.0 Build 20210406,19
router,OC200_v2_2.0.1_20220113,19
router,OC200_v2_2.0.2_20220223,19
router,OC200(UN)_v1_1.0.1_Build_20180803,19
router,TD-W8980_V1_150514,18
router,TD-W8980_V1_140919,18
router,TD-W8980B_V1_150512,18
router,TD-W8980_V1_140619_Beta,18
router,TD-W8980B_V1_141110,18
router,EAP225(EU)_V3_2.6.1 Build 20191022,18
router,EAP225(US)_V3_2.6.1 Build 20191022,18
router,OC200(UN)_v1_1.2.4 Build 20201120,18
router,OC200(UN)_v1_1.2.0_Build_20190927,18
router,OC200(UN)_v1_1.2.2_Build_20200424,18
router,OC200(UN)_v1_1.2.0_Build_20190823,18
router,OC200(UN)_v1_1.1.1_Build_20190419,18
router,Archer C50(EU)_V1_160411,18
router,Archer C50(EU)_V3_171227,18
router,Archer_C20(EU)_V1_160427,18
router,AC50(UN)_v120190527,17
router,AC50(UN)_v1_180524,17
router,AC50(UN)_v1_171129,17
router,CPE710(UN)_V1.0_20200304,17
router,M7350_V1_150204,17
router,M7350_V2_150525,17
router,RE450_V3_190124,17
router,RE450_V3_181204,17
router,Archer C50(EU)_V4_190125,17
router,Archer C50(EU)_V4_180313,17
router,Archer C50(EU)_V4_171129,17
router,Archer_C50_v1_150325,17
router,Archer C50(EU)_V3_170822,17
router,Archer_C20_V1_151120,17
router,Archer_C20_V1_150707,17
router,Archer C20(EU)_V4_161130,17
router,TL-TR961_2500L_V1.0升级软件,17
router,TL-TR961_5200L_V1.0升级软件20150512,17
router,CPE220(UN)_V3.0_2.2.1 Build 190620,16
router,CPE220(UN)_v3.0_20190228,16
router,CPE210(UN)_V3.2_2.2.0 Build 190815,16
router,CPE210(UN)_V3.0_2.2.1 Build 190620,16
router,CPE210(UN)_v3.0_20190125,16
router,CPE510(UN)_V3.2_2.2.0 Build 190806,16
router,CPE510(UN)_v3.0_20190125,16
router,CPE510(EU)_v3.0_20190125,16
router,CPE610(UN)_V2.0_2.2.2_Build 191213,16
router,CPE610(UN)_V2.0_2.2.1_Build 190812,16
router,CPE610(UN)_v2.0_20190228,16
router,CPE610(UN)_V1.0_2.2.1 Build 190718,16
router,CPE610(UN)_v1.0_20190228,16
router,TL-WR902AC(EU)_V3_170828,16
router,TL-TR761双模5200L V1.0升级软件20140928,16
router,TD-VG3511_V1_130312,15
router,CPE220(UN)_v3.0_20180928,15
router,CPE610(UN)_v1.0_20180327,15
router,Pharos_v2.1.6_20170908,15
router,Pharos_v2.1.0_170609,15
router,TP_PharOS_1.3.3_160705,15
router,CPE510(UN)_V2_180117,15
router,CPE510(UN)_v3.0_20171228,15
router,Pharos_v2.1.0_170609_for_CPE210_v1.1,15
router,TP_PharOS_2.0.0_170301-,15
router,CPE210(UN)_v2.0_20180928,15
router,CPE210(UN)_V2_180117,15
router,TP_Pharos_V2.0_170908_CPE210_v2.0,15
router,CPE210(UN)_v3.0_20180928,15
router,CPE220(UN)_V2_180117,15
router,TP_Pharos_V2.1.6_170908,15
router,EAP110(EU)_1.3.0 Build 20180418,15
router,EAP110(EU)_v1_170915,15
router,EAP110(EU)_V1_160405,15
router,EAP110(UN)_V1_160107,15
router,EAP110(EU)_v2_170915,15
router,EAP110(EU)_V2_161109_1482312762600v,15
router,EAP245(EU)_V1_1.4.0 Build 180323,15
router,EAP245(EU)_V1_180208,15
router,EAP245(EU&US)_v1_170828,15
router,EAP115(EU&US)_v1_171011,15
router,EAP115(EU)_V1_160518,15
router,EAP115(EU&US)_v2_171011,15
router,EAP115(UN)_V2_161108,15
router,EAP225(EU)_(V1&V2)_1.4.0 Build 180323,15
router,EAP225(EU)_V1&V2_180208,15
router,EAP225(EU&US)_V1_170828,15
router,EAP225(EU)_V1_160909_1474619835288z,15
router,EAP225(EU)_V1_160809_1472026733300p,15
router,EAP225(EU)_V1_160705,15
router,EAP225(EU&US)_V2_170828,15
router,EAP225_V2_170303,15
router,RE200(EU)_V2_181113,15
router,RE205_V1_171218,15
router,RE205_V1_170908,15
router,RE205_V1_170711,15
router,RE205(EU)_V2_180815,15
router,RE200_V3_190505,15
router,RE200_V3_190305,15
router,TL-WR902AC(US)_V3_191209,15
router,TL-WR840N(EU)_V4_161011_1479952654433w,15
router,Archer C20(US)_V5_181213,15
router,Archer C20(EU)_V5_181127,15
router,Archer C20(US)_V4_190103,15
router,Archer C20(EU)_V4_181213,15
router,TL-WR902AC(EU)_V3_191018,15
router,tpmini_1269,15
router,EAP225(US)_V4_5.0.6 Build 20211115,14
router,EAP225(EU)_V4_5.0.6 Build 20211115,14
router,EAP245(US)_V3_5.0.0 Build 20200918,14
router,EAP265HD(US)_V1.1.0 Build 20200619,14
router,TL-WR802N(EU)_V4_190428,14
router,TL-WR802N(EU)_V4_190218,14
router,TL-WR802N(EU)_V4_170421,14
router,TL-WR840N(EU)_V4_170421,14
router,TL-WR840N(EU)_V5_171211,14
router,TL-WR840N(EU)_V6_171220,14
router,TL-WR840N(EU)_V5_170608,14
router,TL-WR841N(EU)_V14_171208,14
router,TL-WR841N(EU)_V13_170622,14
router,Archer C50(EU)_V3_170608,14
router,TL-MR100(EU)_V1_200512,13
router,EAP225-Wall(EU)_V2_1.3.1 Build 20191022,13
router,EAP225-Wall(US)_V2_1.4.0 Build 20191213,13
router,EAP225-Wall(US)_V2_1.3.1 Build 20191022,13
router,EAP225-Wall(EU)_V2_1.4.0 Build 20191213,13
router,EAP225-Outdoor(US)_V1_1.7.0 Build 20200113,13
router,EAP225-Outdoor(EU)_V1_1.7.0 Build 20200113,13
router,EAP225-Outdoor(US)_V1_1.6.1 Build 20191022,13
router,EAP225-Outdoor(EU)_V1_1.6.1 Build 20191022,13
router,EAP245(EU)_V3_191029,13
router,M7350(EU)_V3_190531,13
router,M7350(EU)_V3_160330_1472438334613t,13
router,M7350(EU)_V3.20_161226,13
router,M7350(EU)_V3.20_160919,13
router,M7350_V3_151021,13
router,TL-WPA4220(EU&UK)_V2_170427(AP),13
router,RE205_V2_190929,13
router,RE200_V3_190731,13
router,RE200_V4_191104,13
router,RE200_V4_20190924,13
router,RE200(EU)_V4_190808,13
router,RE305_V3_200114,13
router,RE305_V3_191202,13
router,RE305_V3_190221,13
router,RE450(EU_UK_DE_US_CA_AU_JP_KR_AS_BR)_V2_171127,13
router,RE450_V2_170626,13
router,RE450_V2_171220,13
router,TL-WDR4900_V1_130424,13
router,TL-WDR4900(EU_V1_130320,13
router,RE205_V3_20191011,13
router,TL-WR841N(EU)_V13_180119,13
router,TL-WR841N(EU)_V13_171019,13
router,EAP110(US)_V4_3.4.0 Build 20191014,12
router,EAP110(EU)_V4_3.4.0 Build 20191014,12
router,EAP115(EU)_V4_3.4.0 Build 20191014,12
router,EAP115(US)_V4_3.4.0 Build 20191014,12
router,TL-WR902AC(EU)_V1_170628,12
router,TL-WR902AC(EU)_V1_160905,12
router,TL-WR840N(EU)_V6.20_180614,12
router,TL-WR840N(EU)_V5_171030,12
router,TL-WR841N(EU)_V14_180319,12
router,TL-WR841N_V11_150616,12
switch,TL-WDR5620 V1.0_161222标准版,12
switch,TL-WDR5620 V1.0_170125标准版,12
switch,TL-WTR9400 V2.0_170109标准版,12
switch,TL-WA701ND(EU)_V2_160620,11
switch,RE580D(EU)_V1_171220,11
switch,RE580D(UN)_V1_171122,11
switch,RE580D(EU)_V1_160309,11
switch,RE590T(UN)_V1_171123,11
switch,RE590T(EU)_V1_160125,11
switch,RE590T(UN)_V1_150925,11
switch,TL-WA855RE(EU)_V1.0_150825,11
switch,RE450_V1_171215,11
switch,RE450_V1_161202,11
switch,TL-WR741ND(UN)_V5_150605,11
switch,TL-WR740N(EU)_V7_160708_1479286101297r,11
switch,TL-WR740N_V5_180328,11
switch,TL-WR740N(UN)_V5_150605,11
switch,TL-WR740N(EU)_V6_180328,11
switch,TL-WR740N_V6_180328,11
switch,TL-WR740N(UN)_V5_160715,11
switch,TL-WR740N(EU)_V6_160325,11
switch,TL-WR840N(EU)_V2_160406,11
switch,TL-WR840N(EU)_V3_160909_1476672784643h,11
switch,TL-WR841N(US)_V14_220121,11
switch,TL-WR940N(VN)_V6_211228,11
switch,TL-WR940N(EU)_V6_200316,11
switch,TL-WR940N_V3_150312,11
switch,TL-WR940N(EU)_V4_160620_1476690667853z,11
switch,TL-WR940N(ES)_V5_211228,11
switch,TL-WR940N(VN)_V5_211228,11
switch,TL-WR940N(US)_V5_200316,11
switch,TL-WR841N_V10_150310,11
switch,TL-WR841N(EU)_V11_160325_1473219209872x,11
switch,TL-WR841N(EU)_V12_160624_1476692106947j,11
switch,TL-WR940N(ES)_V6_211228,11
switch,2012831142533,11
switch,TL-SC3430N_1.6.03P8_121101,10
switch,TL-SC3430N_V1_120628,10
switch,TL-SC4171G_1.6.18P12_121101,10
switch,TL-SC4171G_V1_120628.,10
switch,TL-SC4171G_1.6.18P7_111209,10
switch,TL-WA701ND_V2_140324,10
switch,TL-WA701ND_V2_130528,10
switch,TL-WA730RE_V2_130510,10
switch,TL-WA730RE_V2_120928,10
switch,TL-WA860RE(EU)_V2_160411,10
switch,TL-WA855RE(UN)_V1_171206_Beta,10
switch,TL-WA855RE(EU)_V1_160414,10
switch,TL-WA850RE_V1_121119,10
switch,TL-WA850RE_V2_171228,10
switch,TL-WA850RE_V2_171123,10
switch,TL-WA850RE(EU)_V2_160527,10
switch,TL-WA850RE(EU)_V3_160922_1480737005216m,10
switch,TL-WR741ND_V5_150312,10
switch,201082820150810,10
switch,20103249292418,10
switch,20101610504910,10
switch,TL-WR802N_V1_150717,10
switch,TL-WR802N_V1_150109,10
switch,TL-WR802N(EU)_V2_151231,10
switch,TL-WR802N(EU)_V3_160801,10
switch,TL-WR940N_V2_150311,10
switch,TL-WR940N_V3_150206,10
switch,TL-WR841N(UN)_V8_170210,10
switch,TL-WR841N_V9_150310,10
switch,TL-WR841N_V9_150104,10
switch,TL-WR841N_V9_141013,10
switch,TL-WDR6300 V6.0_170104标准版,10
switch,EAP330(EU&US)_(V1&V2)_1.4.0 Build 20180925,9
switch,EAP330(EU)_V2_170930,9
switch,EAP330(EU)(US)_V2_170711,9
switch,EAP330_V2_170515,9
switch,EAP330(EU)_V1_1.2.0 Build 20170930,9
switch,EAP330(EU)(US)_V1_170711,9
switch,EAP330(EU)_V1_170502,9
switch,TL-SC3430_1.6.03P8_121101,9
switch,TL-SC3430_V1_120628,9
switch,RE650_V1_190521,9
switch,RE650(EU_UK_US_AU_JP_CA_AS)_V1_180719,9
switch,RE650_V1_171228,9
switch,201011814560814,9
switch,201122315055512,9
switch,TL-WR741ND_V4_130524,9
switch,TL-WR741ND_V4_130325,9
switch,TL-WR741ND_V4_130205,9
switch,TL-WR741ND_V4_150119,9
switch,TL-WR741ND_V4.20_140410,9
switch,TL-WR741ND_V5_141113,9
switch,TL-WR740N_v1v2_100910,9
switch,201122315113715,9
switch,TL-WR740N_V4_150105,9
switch,TL-WR740N_V4_130529,9
switch,TL-WR740N_V4_140520,9
switch,TL-WR940N_v1_120201,9
switch,TL-WR940N_v1_111228,9
switch,20112159232014,9
switch,TL-WR940N_V2_140627,9
switch,TL-WR940N_V2_130709,9
switch,201112613340616,9
switch,TL-WR841N_WR841ND_v7_120201,9
switch,TL-WR841N(D_v7_111228,9
switch,TL-WR841N_V8_140724,9
switch,TL-WR841N_V8_131107_CA,9
switch,EAP330_V2_161107_1482374691191w,8
switch,EAP330(EU)_V1_160818_1472812040580f,8
switch,EAP330(EU)_V1_160518,8
switch,TL-WPA4530 KIT(EU)_V2_170406,8
switch,TL-WPA4530(EU)_V2_161115,8
switch,TL-WPA4220(EU)_V3_171011,8
switch,TL-WPA4220 KIT(EU)_V3_170725,8
switch,TL-WA850RE_V1.20_150127_1473815690074b,8
switch,RE365_V1_190528,8
switch,RE365(EU_UK_US_FR)_V1_180213,8
switch,TL-WR840N_V1_141120,8
switch,TL-WR840N(UN_V1_140714,8
switch,TL-WR840N_V1_130829,8
switch,TL-IPC305(P)-4 V2.0_161015标准版,8
switch,NC260_v1.5.0_181123,7
switch,TL-WPA4220(EU)_V4_190326,7
switch,TL-WPA4220_V4_180308,7
camera,TL-WPA4220_V4_180108,7
camera,TL-WA860RE(EU_V1_140827_EU,7
camera,TL-WA860RE_V1_140411,7
camera,TL-WA850RE(EU_V1_140826,7
camera,TL-WA850RE_V1.2_140310,7
camera,RE305_V1_181026,7
camera,RE305_V1_171218,7
camera,RE305(EU_US_UK_CA_JP_KR_BR_AU_AS_DE_TW_ID_ES)_V1_171115,7
camera,NC260_v1.5.1_190805,7
camera,CAP1750(EU)_v1_180910,6
camera,CAP1750(EU)_v1_171227,6
camera,CAP1750_V1_170601,6
router,UGWXG.v4.4.51.5287927.tar,60
router,UGWXG.v4.4.50.5272479.tar,60
router,UGWXG.v4.4.41.5193730.tar,60
router,ER-e50.v1.10.8.5142457.tar,53
router,ER-e100.v1.10.10.5210345.tar,53
router,ER-e100.v1.10.9.5166937.tar,53
router,ER-e100.v1.10.7.5127970.tar,53
router,ER-e50.v1.6.7.4776414.tar,52
router,ER-e100.v1.6.0.4716006.tar,52
router,ER-e100.v1.5.0.4677648.tar,52
router,ER-e50.v1.9.1.1.4977602.tar,51
router,ER-e100.v1.9.1.1.4977347.tar,51
router,ER-e50.v1.10.0.5056246.tar,50
router,ER-e200.v1.10.1.5067575,50
router,ER-e50.v1.9.7+hotfix.4.5024279.tar,50
router,ER-e200.v1.9.7+hotfix.1.5005855,50
router,ER-e100.v1.9.7+hotfix.1.5005851,50
router,ER-e100.v1.10.1.5067571,50
router,ER-e100.v1.10.3.5082526.tar,50
router,ER-e100.v1.9.7+hotfix.3.5013619.tar,50
router,ER-e50.v1.10.3.5082555,50
router,ER-e100.v1.10.0.5056246.tar,50
router,ER-e100.v1.9.7.5001798.tar,50
router,ER-e100.v1.4.1.4648309.tar,49
router,ER-e100.v1.4.0.4632200.tar,49
router,ER-e200.v1.4.1.4648311.tar,49
router,ER-e100.v1.3.0.4605130.tar,48
router,ER-e100.v1.2.0.4574253.tar,46
router,ER-e100.v1.1.0.4543695.tar,46
router,ERLite-3.v1.0.2.4507738.tar,46
router,BZ.ipq806x.v3.8.6.6650.170712.2143,32
router,BZ.ipq806x.v3.8.3.6587.170609.0759,32
router,BZ.ipq806x.v3.7.58.6385.170508.0956,32
router,BZ.ipq806x.v3.9.54.9373.180914.0028,27
router,BZ.ipq806x.v3.9.19.8123.180104.1447,27
router,BZ.ipq806x.v3.9.15.8011.171208.1713,27
router,BZ.ipq806x.v3.9.21.8191.180119.2347,27
router,BZ.ipq806x.v3.9.3.7537.171013.1055,26
router,BZ.ipq806x.v3.8.10.7161.170816.1802,26
router,BZ.ipq806x.v4.3.24.11355.201207.1019,25
router,89cd-udmbase-1.5.6-7117e472b4994c3d9d8c64d053ca3e69,25
router,UBI.v1.0.5.31688.170920.1045.bin,24
router,GBE.v1.2.0.ec5ea39c.201015.1407,24
router,BZ.ipq806x_5.43.43+12741.210818.2135,24
router,BZ.ipq806x_5.43.46+12754.210928.2144,24
router,BZ.mt7621_5.43.35+12698.210326.0430,24
router,BZ.mt7621_5.43.36+12724.210416.1557,24
router,4c9a-UBB-1.0.7-9ff2dcefaa25471298e709680726544a,24
router,2a66-UBB-2.0.3-cf23564bf24c46358344399ca9eeaac4,24
router,8e82-UBB-2.0.8-732ebfc58ff84c1fa65570cd65314c97,24
router,BZ.ipq806x.v4.0.66.10832.191023.1949,23
router,BZ.ipq806x.v4.0.69.10871.191109.0532,23
router,BZ.ipq806x_6.0.15+13647.220312.1908,23
router,BZ.ipq806x_6.0.14+13634.220218.0017,23
router,BZ.mt7621.v4.0.66.10832.191023.1949,23
router,BZ.mt7621.v4.0.69.10871.191108.2239,23
router,BZ.mt7621.v4.3.13.11253.200430.2019,23
router,BZ.mt7621.v4.0.80.10875.200111.1635,23
router,BZ.mt7621.v4.3.20.11298.200704.1347,23
router,BZ.mt7621_5.43.19+12493.201207.1102,23
router,BZ.mt7621.v4.3.21.11325.200922.1739,23
router,BZ.mt7621_5.60.9+12980.210702.0701,23
router,BZ.mt7621_5.60.16+13023.211005.0800,23
router,BZ.mt7621_5.43.23+12533.201222.2019,23
router,BZ.ipq806x_6.0.12+13612.220129.0304,23
router,BZ.MT7622_5.43.23+12533.201222.2020,23
router,BZ.MT7622_5.60.9+12980.210702.0701,23
router,BZ.MT7622_5.60.16+13023.211005.0800,23
router,BZ.MT7622_5.60.18+13041.211030.0107,23
router,BZ.MT7622_5.60.19+13044.211113.0643,23
router,BZ.MT7622_5.60.23+13051.211209.2348,23
router,BZ.MT7622_6.0.14+13634.220218.0017,23
router,BZ.MT7622_6.0.15+13647.220312.1907,23
router,ER-e300.v2.0.3.5189356.tar,23
router,GBE.v0.11.1-cs.f16f621c.200826.1546,22
router,BZ.ipq806x.v4.0.14.9736.181224.1723,22
router,BZ.ipq806x.v4.0.21.9965.190125.1623,22
router,BZ.ipq806x.v4.0.54.10625.190801.0944,22
router,BZ.mt7621.v4.0.42.10433.190518.0923,22
router,BZ.mt7621.v4.0.54.10625.190801.0944,22
router,BZ.mt7621_5.60.18+13041.211030.0107,22
router,BZ.mt7621_5.60.19+13044.211113.0640,22
router,BZ.mt7621_6.0.15+13647.220312.1909,22
router,BZ.mt7621_6.0.14+13634.220218.0017,22
router,BZ.mt7621_5.60.23+13051.211209.2348,22
router,firmware,22
router,BZ.mt7621.v4.0.14.9736.181224.1723,21
router,BZ.mt7621.v4.0.15.9872.181229.0258,21
router,BZ.mt7621.v4.0.21.9965.190125.1623,21
router,BZ.mt7621_5.60.23+13051.211209.2347,21
router,BZ.ipq50xx_6.0.11+13600.220128.0058,21
router,BZ.ipq50xx_6.0.14+13634.220218.0017,21
router,AirGWP.v1.1.12.1028.190918.0702,20
router,AirGWP.v1.1.10.32010.171208.1513,20
router,ACB.ar934x.v2.7.1.b0839ff.200324.1101,20
router,ACB.ar934x.v2.6.2.697ea73.191217.1539,20
router,AirGW.v1.1.12.1028.190918.0702,20
router,ACB.ar934x.v2.6.1.93662e9.191112.1638,20
router,ACB.ar934x.v2.8.3.f1a1344.210726.1457,20
router,AirGW.v1.1.10.32010.171208.1458,20
router,uvc.s2lm.v4.4.7,20
router,uvc.s2lm.v4.8.40,20
router,uvc.s2lm.v4.13.40,20
router,uvc.s2lm.v4.23.8,20
router,uvc.s2lm.v4.10.12,20
router,uvc.s2lm.v4.2.59,20
router,uvc.s2lm.v4.18.37,20
router,uvc.s2lm.v4.1.55,20
router,BZ.mt7621.v4.0.9.9636.181128.2213,20
router,BZ.mt7621.v4.0.10.9653.181205.1309,20
router,BZ.ipq50xx_6.0.2+13530.211113.0634,20
router,BZ.ipq50xx_6.0.4+13542.211118.0311,20
router,BZ.ar7240.v3.9.19.8123.180104.1438,19
router,BZ.ar7240.v3.8.3.6587.170609.0748,19
router,BZ.ar7240.v3.9.27.8537.180317.1223,19
router,BZ.ar7240.v3.9.21.8191.180119.2342,19
router,BZ.ar7240.v3.9.54.9373.180913.2356,19
router,BZ.ar7240.v4.0.10.9653.181205.1311,19
router,BZ.mt7621.v3.9.42.9152.180709.2240,19
router,BZ.mt7621.v3.9.54.9373.180913.2351,19
router,BZ.qca956x_5.43.36+12724.210416.1557,19
router,BZ.qca956x_5.43.38+12731.210703.2016,19
router,BZ.qca956x_5.43.35+12698.210326.0431,19
router,BZ.ar934x.v3.9.19.8123.180104.1438,19
router,BZ.ar934x.v3.8.6.6650.170712.2142,19
router,BZ.ar934x.v3.7.58.6385.170508.0942,19
router,BZ.ar934x.v3.8.3.6587.170609.0748,19
router,BZ.ar934x.v3.9.21.8191.180119.2342,19
router,BZ.ar934x.v3.9.15.8011.171208.1655,19
router,BZ.ar934x.v3.9.27.8537.180317.1223,19
router,BZ.ar934x.v3.9.54.9373.180913.2355,19
router,BZ.ar934x.v4.0.9.9636.181128.2215,19
switch,BZ.ar934x.v4.0.10.9653.181205.1310,19
switch,BZ.qca9342.v3.7.58.6385.170508.0942,19
switch,BZ.qca9342.v3.9.21.8191.180119.2342,19
switch,BZ.qca9342.v3.9.15.8011.171208.1655,19
switch,BZ.qca9342.v3.9.27.8537.180317.1222,19
switch,BZ.qca9342.v3.9.54.9373.180913.2356,19
switch,BZ.qca9342.v3.9.42.9152.180709.2242,19
switch,BZ.qca9342.v4.0.9.9636.181128.2215,19
switch,ACB.ar934x.v2.3.0.4177c95.180614.1532,18
switch,ACB.ar934x.v2.3.1.65d0016.180626.1612,18
switch,ACB.ar934x.v2.4.2.e9c4ddd.190221.1856,18
switch,ACB.ar934x.v2.4.3.8b93de1.190322.0941.bin,18
switch,8968-ULTE-5.73.0-9fafeae66dd242a5a900c9f330dfd7f4,18
switch,IL.qca956x_5.43.31+12627.210219.2355,18
switch,IL.qca956x_5.43.35+12698.210326.0432,18
switch,IL.qca956x_5.43.36+12724.210416.1558,18
switch,IL.qca956x_6.0.14+13634.220218.0017,18
switch,IL.qca956x.v4.0.80.10875.200111.2335,18
switch,IL.qca956x.v4.3.13.11253.200430.1420,18
switch,IL.qca956x.v4.3.20.11298.200704.0748,18
switch,IL.qca956x.v4.3.21.11325.200922.1739,18
switch,IL.qca956x_5.43.23+12533.201222.2020,18
switch,BZ.ar7240.v3.9.3.7537.171013.1042,18
switch,BZ.ar7240.v3.8.14.6780.170915.2224,18
switch,BZ.ar7240.v4.0.14.9736.181224.1724,18
switch,BZ.ar7240.v4.0.15.9872.181229.0259,18
switch,BZ.mt7621.v3.9.27.8537.180317.1220,18
switch,BZ.qca956x_6.0.15+13647.220312.1908,18
switch,BZ.qca956x_6.0.12+13612.220129.0303,18
switch,BZ.ar934x.v3.9.3.7537.171013.1042,18
switch,BZ.ar934x.v3.8.14.6780.170915.2224,18
switch,BZ.ar934x.v4.0.14.9736.181224.1724,18
switch,BZ.ar934x.v4.0.15.9872.181229.0259,18
switch,BZ.qca9342.v3.9.3.7537.171013.1042,18
switch,BZ.qca9342.v4.0.14.9736.181224.1724,18
switch,ACB.ar934x.v2.0.1.cd8f71c.180215.1401,17
switch,ACB.ar934x.v2.2.0.01b3ee7.180507.1340,17
switch,ACB.ar934x.v2.1.0.decfe89.180404.1031,17
switch,US.mt7621.v4.3.13.11253.200430.1419,17
switch,US.mt7621.v4.3.20.11298.200704.1348,17
switch,US.mt7621.v4.3.21.11325.200922.1739,17
switch,US.mt7621.v4.3.22.11330.201103.0742,17
switch,US.mt7621_5.43.18+12487.201130.1603,17
switch,US.mt7621_5.43.23+12533.201222.2019,17
switch,US.mt7621_5.43.35+12698.210326.0446,17
switch,US.mt7621_5.43.36+12724.210416.1607,17
switch,US.mt7621_5.64.8+13083.210706.1043,17
switch,US.mt7621_5.76.7+13442.211117.0720,17
switch,US.mt7621_5.76.6+13439.211029.1036,17
switch,uvc.s2lm.v4.22.13,17
switch,BZ.ar7240.v3.7.58.6385.170508.0942,17
switch,BZ.qca956x.v3.9.19.8123.180104.1452,17
switch,BZ.qca956x.v3.8.3.6587.170609.0803,17
switch,BZ.qca956x.v3.8.6.6650.170712.2141,17
switch,BZ.qca956x.v3.7.58.6385.170508.0957,17
switch,BZ.qca956x.v3.9.15.8011.171208.1718,17
switch,BZ.qca956x.v3.9.27.8537.180317.1235,17
switch,BZ.qca956x.v3.9.21.8191.180119.2353,17
switch,solar-gw-1.0.5,17
switch,solar-gw-1.0.7,17
switch,US.mt7621.v4.0.54.10625.190801.0944,16
switch,US.mt7621.v4.0.66.10832.191023.1948,16
switch,US.mt7621.v4.0.69.10871.191109.0532,16
switch,US.mt7621.v4.0.80.10875.200111.1635,16
switch,US.mt7621_6.2.11+13822.220314.0751,16
switch,BZ.ar7240.v4.3.28.11361.210128.2309,16
switch,BZ.ar7240.v4.3.24.11355.201207.1019,16
switch,BZ.qca956x.v3.9.3.7537.171013.1101,16
switch,BZ.qca956x.v3.8.14.6780.170915.2223,16
switch,BZ.qca956x.v4.0.9.9636.181128.2214,16
switch,BZ.qca956x.v4.0.14.9736.181224.1723,16
switch,BZ.qca956x.v4.0.10.9653.181205.1309,16
switch,BZ.qca956x.v4.0.15.9872.181229.0258,16
switch,BZ.qca956x.v4.0.42.10433.190518.0923,16
switch,BZ.qca956x.v4.3.13.11253.200430.1420,16
switch,BZ.qca956x.v4.3.21.11325.200922.1139,16
switch,BZ.qca933x.v4.3.20.11298.200704.0747,16
switch,BZ.qca933x.v4.3.21.11325.200922.1739,16
switch,BZ.qca933x.v4.3.28.11361.210128.2309,16
switch,BZ.qca933x.v4.3.24.11355.201207.1019,16
switch,BZ.bcm4706.v3.8.3.6587.170609.0748,16
switch,BZ.bcm4706.v3.7.58.6385.170508.0942,16
switch,BZ.ar934x.v4.3.21.11325.200922.1739,16
switch,BZ.ar934x.v4.3.24.11355.201207.1019,16
switch,BZ.ar934x.v4.3.20.11298.200704.0747,16
switch,BZ.ar934x.v4.3.28.11361.210128.2309,16
switch,BZ.qca9342.v3.8.6.6650.170712.2141,16
switch,BZ.qca9342.v4.3.20.11298.200704.0747,16
switch,solar-gw-0.9.41,16
switch,SW.v2.0.0.99.190920.1050,16
switch,SW.v2.1.0.142.210208.1325,16
switch,UVC.S2LM_4.30.0,15
switch,UVC.gen3l.v3.5.2.63.5d0239d.161121.1716,15
switch,BZ.ar7240.v3.8.6.6650.170712.2142,15
switch,BZ.ar7240.v4.0.9.9636.181128.2215,15
switch,BZ.ar7240.v4.0.66.10832.191023.1948,15
switch,BZ.ar7240.v4.0.69.10871.191109.0532,15
switch,BZ.qca956x.v4.0.21.9965.190125.1623,15
switch,BZ.qca933x.v4.0.66.10832.191023.1948,15
switch,BZ.qca933x.v4.0.80.10875.200111.2335,15
switch,BZ.qca933x.v4.3.13.11253.200430.1420,15
switch,BZ.qca933x.v4.0.69.10871.191109.0532,15
switch,BZ.bcm4706.v3.8.14.6780.170915.2224,15
switch,BZ.bcm4706.v3.8.17.6789.190110.0913,15
switch,BZ.ar934x.v4.0.66.10832.191023.1948,15
switch,BZ.ar934x.v4.0.80.10875.200111.2335,15
switch,BZ.ar934x.v4.0.69.10871.191109.0532,15
switch,BZ.ar934x.v4.3.13.11253.200430.1420,15
switch,BZ.qca9342.v4.3.13.11253.200430.1420,15
switch,BZ.qca9342.v4.3.24.11355.201207.1019,15
switch,SW.v1.4.1.32323.180315.1259.bin,15
switch,EPX.v1.5.0.f47b2d.190923.0959,14
switch,EPX.v1.6.0.e8c8c3.200124.0851,14
switch,uvc.gen3l.v3.8.3,14
switch,UVC.gen3l.v3.7.0.68.79d0469.170517.1852,14
switch,BZ.ar7240.v4.0.42.10433.190518.0923,14
switch,BZ.ar7240.v4.0.54.10625.190801.1544,14
switch,BZ.qca933x.v4.0.42.10433.190518.0923,14
switch,BZ.qca933x.v4.0.54.10625.190801.1544,14
switch,BZ.bcm4706.v3.8.15.6784.171108.1212,14
switch,BZ.ar934x.v4.0.54.10625.190801.1544,14
switch,BZ.ar934x.v4.0.42.10433.190518.0923,14
switch,BZ.qca9342.v3.9.19.8123.180104.1438,14
switch,EPX.v1.4.0.937f29.190619.1137,13
switch,EPX.v1.8.1.434d3e.201125.1516,13
switch,EPX.v1.9.0.1c72ff.210524.1411,13
switch,EPX.v1.8.0.4916a1.201001.0942,13
switch,uvc.s2l.v4.4.7,13
switch,uvc.s2l.v4.23.8,13
switch,uvc.s2l.v4.4.6,13
switch,BZ.qca9342.v4.3.28.11361.210128.2309,13
switch,uvc.s2l.v4.14.14,12
switch,uvc.s2l.v4.13.33,12
switch,BZ.bcm4706.v3.8.16.6786.180209.0951,12
switch,e92d-UNVR-1.3.33-22011b186ea94f47939afecf676e2ee6,11
switch,0ea6-UCKP-2.2.12-4babfa9dd5b445c29ef5f269796a2bec,11
switch,e4c2-UCKG2-2.2.10-e9ae7767d43e41cc9741f253b109103a,11
switch,BZ.qca933x.v4.0.9.9636.181128.2215,11
switch,US.bcm5616x_5.64.8+13083.210706.1043,10
switch,US.bcm5616x_5.76.6+13439.211029.1036,10
switch,US.bcm5616x_5.76.7+13442.211117.0720,10
switch,US.bcm5616x_6.2.11+13822.220314.0750,10
switch,uvc.s2lm.v4.13.33,10
switch,BZ.qca933x.v4.0.10.9653.181205.1310,10
switch,EP.v1.7.0.00de3a.200512.1214,9
switch,EP.v1.6.0.155a94.200124.0843,9
switch,EP.v1.5.0.5aff31.190923.0924,9
switch,US.bcm5616x.v4.0.15.9872.181229.0259,9
switch,US.bcm5616x.v4.0.21.9965.190125.1623,9
switch,US.bcm5616x.v4.0.42.10433.190518.0924,9
switch,US.bcm5616x.v4.0.54.10625.190801.1545,9
switch,US.bcm5616x.v4.0.69.10871.191108.2239,9
switch,US.bcm5616x.v4.0.80.10875.200111.2335,9
